job_id,node,commit,phase,rep,order,requested_threads,binding,backend,version,width,height,generations,density,seed,threads,chunk,elapsed_seconds,live_cells,checksum
623308,a100-b,421f588b01c32281c7c3895e2a02bc8e7ba31d56,formal,1,0,8,close,omp-persistent,omp_persistent_v2,512,512,1291,35,12345,8,0,0.239554775,11583,14605807780897748926
623308,a100-b,421f588b01c32281c7c3895e2a02bc8e7ba31d56,formal,1,1,8,close,omp-simd,omp_simd_v4,512,512,1291,35,12345,8,0,0.127993926,11583,14605807780897748926
623308,a100-b,421f588b01c32281c7c3895e2a02bc8e7ba31d56,formal,1,2,2,close,omp-simd,omp_simd_v4,512,512,1291,35,12345,2,0,0.481698287,11583,14605807780897748926
623308,a100-b,421f588b01c32281c7c3895e2a02bc8e7ba31d56,formal,1,3,1,close,omp-interior,omp_interior_v3,512,512,1291,35,12345,1,0,1.03050972,11583,14605807780897748926
623308,a100-b,421f588b01c32281c7c3895e2a02bc8e7ba31d56,formal,1,4,8,close,omp,omp_rows_v1,512,512,1291,35,12345,8,0,0.202954196,11583,14605807780897748926
623308,a100-b,421f588b01c32281c7c3895e2a02bc8e7ba31d56,formal,1,5,4,close,omp-simd,omp_simd_v4,512,512,1291,35,12345,4,0,0.244977631,11583,14605807780897748926
623308,a100-b,421f588b01c32281c7c3895e2a02bc8e7ba31d56,formal,1,6,1,close,omp-persistent,omp_persistent_v2,512,512,1291,35,12345,1,0,1.79147811,11583,14605807780897748926
623308,a100-b,421f588b01c32281c7c3895e2a02bc8e7ba31d56,formal,1,7,4,close,omp,omp_rows_v1,512,512,1291,35,12345,4,0,0.392395609,11583,14605807780897748926
623308,a100-b,421f588b01c32281c7c3895e2a02bc8e7ba31d56,formal,1,8,4,close,omp-persistent,omp_persistent_v2,512,512,1291,35,12345,4,0,0.455593932,11583,14605807780897748926
623308,a100-b,421f588b01c32281c7c3895e2a02bc8e7ba31d56,formal,1,9,1,close,serial,v3_explicit_neighbours,512,512,1291,35,12345,1,0,1.55653501,11583,14605807780897748926
623308,a100-b,421f588b01c32281c7c3895e2a02bc8e7ba31d56,formal,1,10,2,close,omp-persistent,omp_persistent_v2,512,512,1291,35,12345,2,0,0.898370418,11583,14605807780897748926
623308,a100-b,421f588b01c32281c7c3895e2a02bc8e7ba31d56,formal,1,11,2,close,omp,omp_rows_v1,512,512,1291,35,12345,2,0,0.780917789,11583,14605807780897748926
623308,a100-b,421f588b01c32281c7c3895e2a02bc8e7ba31d56,formal,1,12,4,close,omp-interior,omp_interior_v3,512,512,1291,35,12345,4,0,0.264414156,11583,14605807780897748926
623308,a100-b,421f588b01c32281c7c3895e2a02bc8e7ba31d56,formal,1,13,2,close,omp-interior,omp_interior_v3,512,512,1291,35,12345,2,0,0.519663166,11583,14605807780897748926
623308,a100-b,421f588b01c32281c7c3895e2a02bc8e7ba31d56,formal,1,14,1,close,omp,omp_rows_v1,512,512,1291,35,12345,1,0,1.53636157,11583,14605807780897748926
623308,a100-b,421f588b01c32281c7c3895e2a02bc8e7ba31d56,formal,1,15,8,close,omp-interior,omp_interior_v3,512,512,1291,35,12345,8,0,0.141405631,11583,14605807780897748926
623308,a100-b,421f588b01c32281c7c3895e2a02bc8e7ba31d56,formal,1,16,1,close,omp-simd,omp_simd_v4,512,512,1291,35,12345,1,0,0.955303629,11583,14605807780897748926
623308,a100-b,421f588b01c32281c7c3895e2a02bc8e7ba31d56,formal,2,0,2,close,omp,omp_rows_v1,512,512,1291,35,12345,2,0,0.775308222,11583,14605807780897748926
623308,a100-b,421f588b01c32281c7c3895e2a02bc8e7ba31d56,formal,2,1,2,close,omp-persistent,omp_persistent_v2,512,512,1291,35,12345,2,0,0.8979627,11583,14605807780897748926
623308,a100-b,421f588b01c32281c7c3895e2a02bc8e7ba31d56,formal,2,2,8,close,omp,omp_rows_v1,512,512,1291,35,12345,8,0,0.204328116,11583,14605807780897748926
623308,a100-b,421f588b01c32281c7c3895e2a02bc8e7ba31d56,formal,2,3,4,close,omp-persistent,omp_persistent_v2,512,512,1291,35,12345,4,0,0.453715273,11583,14605807780897748926
623308,a100-b,421f588b01c32281c7c3895e2a02bc8e7ba31d56,formal,2,4,8,close,omp-simd,omp_simd_v4,512,512,1291,35,12345,8,0,0.127683552,11583,14605807780897748926
623308,a100-b,421f588b01c32281c7c3895e2a02bc8e7ba31d56,formal,2,5,2,close,omp-interior,omp_interior_v3,512,512,1291,35,12345,2,0,0.517791771,11583,14605807780897748926
623308,a100-b,421f588b01c32281c7c3895e2a02bc8e7ba31d56,formal,2,6,1,close,omp-simd,omp_simd_v4,512,512,1291,35,12345,1,0,0.955635665,11583,14605807780897748926
623308,a100-b,421f588b01c32281c7c3895e2a02bc8e7ba31d56,formal,2,7,4,close,omp,omp_rows_v1,512,512,1291,35,12345,4,0,0.391447422,11583,14605807780897748926
623308,a100-b,421f588b01c32281c7c3895e2a02bc8e7ba31d56,formal,2,8,1,close,serial,v3_explicit_neighbours,512,512,1291,35,12345,1,0,1.56576998,11583,14605807780897748926
623308,a100-b,421f588b01c32281c7c3895e2a02bc8e7ba31d56,formal,2,9,1,close,omp,omp_rows_v1,512,512,1291,35,12345,1,0,1.54014454,11583,14605807780897748926
623308,a100-b,421f588b01c32281c7c3895e2a02bc8e7ba31d56,formal,2,10,1,close,omp-interior,omp_interior_v3,512,512,1291,35,12345,1,0,1.03521582,11583,14605807780897748926
623308,a100-b,421f588b01c32281c7c3895e2a02bc8e7ba31d56,formal,2,11,2,close,omp-simd,omp_simd_v4,512,512,1291,35,12345,2,0,0.481754853,11583,14605807780897748926
623308,a100-b,421f588b01c32281c7c3895e2a02bc8e7ba31d56,formal,2,12,8,close,omp-persistent,omp_persistent_v2,512,512,1291,35,12345,8,0,0.234900718,11583,14605807780897748926
623308,a100-b,421f588b01c32281c7c3895e2a02bc8e7ba31d56,formal,2,13,1,close,omp-persistent,omp_persistent_v2,512,512,1291,35,12345,1,0,1.78776586,11583,14605807780897748926
623308,a100-b,421f588b01c32281c7c3895e2a02bc8e7ba31d56,formal,2,14,4,close,omp-simd,omp_simd_v4,512,512,1291,35,12345,4,0,0.245329033,11583,14605807780897748926
623308,a100-b,421f588b01c32281c7c3895e2a02bc8e7ba31d56,formal,2,15,8,close,omp-interior,omp_interior_v3,512,512,1291,35,12345,8,0,0.137697125,11583,14605807780897748926
623308,a100-b,421f588b01c32281c7c3895e2a02bc8e7ba31d56,formal,2,16,4,close,omp-interior,omp_interior_v3,512,512,1291,35,12345,4,0,0.266918444,11583,14605807780897748926
623308,a100-b,421f588b01c32281c7c3895e2a02bc8e7ba31d56,formal,3,0,1,close,omp-interior,omp_interior_v3,512,512,1291,35,12345,1,0,1.03041934,11583,14605807780897748926
623308,a100-b,421f588b01c32281c7c3895e2a02bc8e7ba31d56,formal,3,1,8,close,omp-interior,omp_interior_v3,512,512,1291,35,12345,8,0,0.138238886,11583,14605807780897748926
623308,a100-b,421f588b01c32281c7c3895e2a02bc8e7ba31d56,formal,3,2,8,close,omp-simd,omp_simd_v4,512,512,1291,35,12345,8,0,0.133122036,11583,14605807780897748926
623308,a100-b,421f588b01c32281c7c3895e2a02bc8e7ba31d56,formal,3,3,2,close,omp-simd,omp_simd_v4,512,512,1291,35,12345,2,0,0.482664147,11583,14605807780897748926
623308,a100-b,421f588b01c32281c7c3895e2a02bc8e7ba31d56,formal,3,4,1,close,omp,omp_rows_v1,512,512,1291,35,12345,1,0,1.54142099,11583,14605807780897748926
623308,a100-b,421f588b01c32281c7c3895e2a02bc8e7ba31d56,formal,3,5,8,close,omp,omp_rows_v1,512,512,1291,35,12345,8,0,0.204228908,11583,14605807780897748926
623308,a100-b,421f588b01c32281c7c3895e2a02bc8e7ba31d56,formal,3,6,2,close,omp-persistent,omp_persistent_v2,512,512,1291,35,12345,2,0,0.897496722,11583,14605807780897748926
623308,a100-b,421f588b01c32281c7c3895e2a02bc8e7ba31d56,formal,3,7,1,close,omp-persistent,omp_persistent_v2,512,512,1291,35,12345,1,0,1.78604432,11583,14605807780897748926
623308,a100-b,421f588b01c32281c7c3895e2a02bc8e7ba31d56,formal,3,8,2,close,omp,omp_rows_v1,512,512,1291,35,12345,2,0,0.775793146,11583,14605807780897748926
623308,a100-b,421f588b01c32281c7c3895e2a02bc8e7ba31d56,formal,3,9,4,close,omp-interior,omp_interior_v3,512,512,1291,35,12345,4,0,0.264340647,11583,14605807780897748926
623308,a100-b,421f588b01c32281c7c3895e2a02bc8e7ba31d56,formal,3,10,4,close,omp,omp_rows_v1,512,512,1291,35,12345,4,0,0.391077795,11583,14605807780897748926
623308,a100-b,421f588b01c32281c7c3895e2a02bc8e7ba31d56,formal,3,11,4,close,omp-simd,omp_simd_v4,512,512,1291,35,12345,4,0,0.245471151,11583,14605807780897748926
623308,a100-b,421f588b01c32281c7c3895e2a02bc8e7ba31d56,formal,3,12,1,close,omp-simd,omp_simd_v4,512,512,1291,35,12345,1,0,0.955914509,11583,14605807780897748926
623308,a100-b,421f588b01c32281c7c3895e2a02bc8e7ba31d56,formal,3,13,2,close,omp-interior,omp_interior_v3,512,512,1291,35,12345,2,0,0.520298342,11583,14605807780897748926
623308,a100-b,421f588b01c32281c7c3895e2a02bc8e7ba31d56,formal,3,14,8,close,omp-persistent,omp_persistent_v2,512,512,1291,35,12345,8,0,0.235558077,11583,14605807780897748926
623308,a100-b,421f588b01c32281c7c3895e2a02bc8e7ba31d56,formal,3,15,1,close,serial,v3_explicit_neighbours,512,512,1291,35,12345,1,0,1.56405615,11583,14605807780897748926
623308,a100-b,421f588b01c32281c7c3895e2a02bc8e7ba31d56,formal,3,16,4,close,omp-persistent,omp_persistent_v2,512,512,1291,35,12345,4,0,0.452923051,11583,14605807780897748926
623308,a100-b,421f588b01c32281c7c3895e2a02bc8e7ba31d56,formal,4,0,4,close,omp-simd,omp_simd_v4,512,512,1291,35,12345,4,0,0.245066408,11583,14605807780897748926
623308,a100-b,421f588b01c32281c7c3895e2a02bc8e7ba31d56,formal,4,1,4,close,omp-persistent,omp_persistent_v2,512,512,1291,35,12345,4,0,0.454051857,11583,14605807780897748926
623308,a100-b,421f588b01c32281c7c3895e2a02bc8e7ba31d56,formal,4,2,1,close,serial,v3_explicit_neighbours,512,512,1291,35,12345,1,0,1.55865507,11583,14605807780897748926
623308,a100-b,421f588b01c32281c7c3895e2a02bc8e7ba31d56,formal,4,3,1,close,omp-persistent,omp_persistent_v2,512,512,1291,35,12345,1,0,1.78881323,11583,14605807780897748926
623308,a100-b,421f588b01c32281c7c3895e2a02bc8e7ba31d56,formal,4,4,2,close,omp-persistent,omp_persistent_v2,512,512,1291,35,12345,2,0,0.897063936,11583,14605807780897748926
623308,a100-b,421f588b01c32281c7c3895e2a02bc8e7ba31d56,formal,4,5,8,close,omp,omp_rows_v1,512,512,1291,35,12345,8,0,0.206196755,11583,14605807780897748926
623308,a100-b,421f588b01c32281c7c3895e2a02bc8e7ba31d56,formal,4,6,1,close,omp-interior,omp_interior_v3,512,512,1291,35,12345,1,0,1.03102531,11583,14605807780897748926
623308,a100-b,421f588b01c32281c7c3895e2a02bc8e7ba31d56,formal,4,7,1,close,omp-simd,omp_simd_v4,512,512,1291,35,12345,1,0,0.956235174,11583,14605807780897748926
623308,a100-b,421f588b01c32281c7c3895e2a02bc8e7ba31d56,formal,4,8,2,close,omp-simd,omp_simd_v4,512,512,1291,35,12345,2,0,0.481458516,11583,14605807780897748926
623308,a100-b,421f588b01c32281c7c3895e2a02bc8e7ba31d56,formal,4,9,4,close,omp-interior,omp_interior_v3,512,512,1291,35,12345,4,0,0.265565544,11583,14605807780897748926
623308,a100-b,421f588b01c32281c7c3895e2a02bc8e7ba31d56,formal,4,10,2,close,omp,omp_rows_v1,512,512,1291,35,12345,2,0,0.77506828,11583,14605807780897748926
623308,a100-b,421f588b01c32281c7c3895e2a02bc8e7ba31d56,formal,4,11,2,close,omp-interior,omp_interior_v3,512,512,1291,35,12345,2,0,0.519710625,11583,14605807780897748926
623308,a100-b,421f588b01c32281c7c3895e2a02bc8e7ba31d56,formal,4,12,4,close,omp,omp_rows_v1,512,512,1291,35,12345,4,0,0.391752254,11583,14605807780897748926
623308,a100-b,421f588b01c32281c7c3895e2a02bc8e7ba31d56,formal,4,13,8,close,omp-interior,omp_interior_v3,512,512,1291,35,12345,8,0,0.138704722,11583,14605807780897748926
623308,a100-b,421f588b01c32281c7c3895e2a02bc8e7ba31d56,formal,4,14,8,close,omp-simd,omp_simd_v4,512,512,1291,35,12345,8,0,0.129494042,11583,14605807780897748926
623308,a100-b,421f588b01c32281c7c3895e2a02bc8e7ba31d56,formal,4,15,1,close,omp,omp_rows_v1,512,512,1291,35,12345,1,0,1.55208118,11583,14605807780897748926
623308,a100-b,421f588b01c32281c7c3895e2a02bc8e7ba31d56,formal,4,16,8,close,omp-persistent,omp_persistent_v2,512,512,1291,35,12345,8,0,0.254791399,11583,14605807780897748926
623308,a100-b,421f588b01c32281c7c3895e2a02bc8e7ba31d56,formal,5,0,1,close,omp-interior,omp_interior_v3,512,512,1291,35,12345,1,0,1.03450185,11583,14605807780897748926
623308,a100-b,421f588b01c32281c7c3895e2a02bc8e7ba31d56,formal,5,1,2,close,omp-persistent,omp_persistent_v2,512,512,1291,35,12345,2,0,0.908710197,11583,14605807780897748926
623308,a100-b,421f588b01c32281c7c3895e2a02bc8e7ba31d56,formal,5,2,1,close,omp,omp_rows_v1,512,512,1291,35,12345,1,0,1.55242178,11583,14605807780897748926
623308,a100-b,421f588b01c32281c7c3895e2a02bc8e7ba31d56,formal,5,3,2,close,omp-interior,omp_interior_v3,512,512,1291,35,12345,2,0,0.523271332,11583,14605807780897748926
623308,a100-b,421f588b01c32281c7c3895e2a02bc8e7ba31d56,formal,5,4,2,close,omp-simd,omp_simd_v4,512,512,1291,35,12345,2,0,0.486198819,11583,14605807780897748926
623308,a100-b,421f588b01c32281c7c3895e2a02bc8e7ba31d56,formal,5,5,4,close,omp-interior,omp_interior_v3,512,512,1291,35,12345,4,0,0.267730342,11583,14605807780897748926
623308,a100-b,421f588b01c32281c7c3895e2a02bc8e7ba31d56,formal,5,6,8,close,omp,omp_rows_v1,512,512,1291,35,12345,8,0,0.204201741,11583,14605807780897748926
623308,a100-b,421f588b01c32281c7c3895e2a02bc8e7ba31d56,formal,5,7,8,close,omp-interior,omp_interior_v3,512,512,1291,35,12345,8,0,0.145464707,11583,14605807780897748926
623308,a100-b,421f588b01c32281c7c3895e2a02bc8e7ba31d56,formal,5,8,2,close,omp,omp_rows_v1,512,512,1291,35,12345,2,0,0.782227276,11583,14605807780897748926
623308,a100-b,421f588b01c32281c7c3895e2a02bc8e7ba31d56,formal,5,9,4,close,omp-persistent,omp_persistent_v2,512,512,1291,35,12345,4,0,0.518251407,11583,14605807780897748926
623308,a100-b,421f588b01c32281c7c3895e2a02bc8e7ba31d56,formal,5,10,8,close,omp-simd,omp_simd_v4,512,512,1291,35,12345,8,0,0.156650608,11583,14605807780897748926
623308,a100-b,421f588b01c32281c7c3895e2a02bc8e7ba31d56,formal,5,11,1,close,omp-persistent,omp_persistent_v2,512,512,1291,35,12345,1,0,1.78989539,11583,14605807780897748926
623308,a100-b,421f588b01c32281c7c3895e2a02bc8e7ba31d56,formal,5,12,4,close,omp-simd,omp_simd_v4,512,512,1291,35,12345,4,0,0.244759952,11583,14605807780897748926
623308,a100-b,421f588b01c32281c7c3895e2a02bc8e7ba31d56,formal,5,13,4,close,omp,omp_rows_v1,512,512,1291,35,12345,4,0,0.390710023,11583,14605807780897748926
623308,a100-b,421f588b01c32281c7c3895e2a02bc8e7ba31d56,formal,5,14,8,close,omp-persistent,omp_persistent_v2,512,512,1291,35,12345,8,0,0.234920948,11583,14605807780897748926
623308,a100-b,421f588b01c32281c7c3895e2a02bc8e7ba31d56,formal,5,15,1,close,serial,v3_explicit_neighbours,512,512,1291,35,12345,1,0,1.56337948,11583,14605807780897748926
623308,a100-b,421f588b01c32281c7c3895e2a02bc8e7ba31d56,formal,5,16,1,close,omp-simd,omp_simd_v4,512,512,1291,35,12345,1,0,0.955641843,11583,14605807780897748926
623308,a100-b,421f588b01c32281c7c3895e2a02bc8e7ba31d56,formal,1,0,1,close,omp-simd,omp_simd_v4,1024,1024,266,35,12345,1,0,0.990644919,69386,11935737523586087401
623308,a100-b,421f588b01c32281c7c3895e2a02bc8e7ba31d56,formal,1,1,2,close,omp-simd,omp_simd_v4,1024,1024,266,35,12345,2,0,0.497212285,69386,11935737523586087401
623308,a100-b,421f588b01c32281c7c3895e2a02bc8e7ba31d56,formal,1,2,1,close,omp-persistent,omp_persistent_v2,1024,1024,266,35,12345,1,0,1.71007393,69386,11935737523586087401
623308,a100-b,421f588b01c32281c7c3895e2a02bc8e7ba31d56,formal,1,3,2,close,omp-interior,omp_interior_v3,1024,1024,266,35,12345,2,0,0.531343098,69386,11935737523586087401
623308,a100-b,421f588b01c32281c7c3895e2a02bc8e7ba31d56,formal,1,4,4,close,omp-simd,omp_simd_v4,1024,1024,266,35,12345,4,0,0.25024272,69386,11935737523586087401
623308,a100-b,421f588b01c32281c7c3895e2a02bc8e7ba31d56,formal,1,5,4,close,omp-interior,omp_interior_v3,1024,1024,266,35,12345,4,0,0.267862571,69386,11935737523586087401
623308,a100-b,421f588b01c32281c7c3895e2a02bc8e7ba31d56,formal,1,6,2,close,omp-persistent,omp_persistent_v2,1024,1024,266,35,12345,2,0,0.855671766,69386,11935737523586087401
623308,a100-b,421f588b01c32281c7c3895e2a02bc8e7ba31d56,formal,1,7,1,close,omp,omp_rows_v1,1024,1024,266,35,12345,1,0,1.48402168,69386,11935737523586087401
623308,a100-b,421f588b01c32281c7c3895e2a02bc8e7ba31d56,formal,1,8,1,close,omp-interior,omp_interior_v3,1024,1024,266,35,12345,1,0,1.05916953,69386,11935737523586087401
623308,a100-b,421f588b01c32281c7c3895e2a02bc8e7ba31d56,formal,1,9,4,close,omp-persistent,omp_persistent_v2,1024,1024,266,35,12345,4,0,0.429591776,69386,11935737523586087401
623308,a100-b,421f588b01c32281c7c3895e2a02bc8e7ba31d56,formal,1,10,4,close,omp,omp_rows_v1,1024,1024,266,35,12345,4,0,0.372773515,69386,11935737523586087401
623308,a100-b,421f588b01c32281c7c3895e2a02bc8e7ba31d56,formal,1,11,1,close,serial,v3_explicit_neighbours,1024,1024,266,35,12345,1,0,1.51655192,69386,11935737523586087401
623308,a100-b,421f588b01c32281c7c3895e2a02bc8e7ba31d56,formal,1,12,8,close,omp,omp_rows_v1,1024,1024,266,35,12345,8,0,0.191733665,69386,11935737523586087401
623308,a100-b,421f588b01c32281c7c3895e2a02bc8e7ba31d56,formal,1,13,8,close,omp-interior,omp_interior_v3,1024,1024,266,35,12345,8,0,0.138198589,69386,11935737523586087401
623308,a100-b,421f588b01c32281c7c3895e2a02bc8e7ba31d56,formal,1,14,2,close,omp,omp_rows_v1,1024,1024,266,35,12345,2,0,0.74571118,69386,11935737523586087401
623308,a100-b,421f588b01c32281c7c3895e2a02bc8e7ba31d56,formal,1,15,8,close,omp-simd,omp_simd_v4,1024,1024,266,35,12345,8,0,0.127944914,69386,11935737523586087401
623308,a100-b,421f588b01c32281c7c3895e2a02bc8e7ba31d56,formal,1,16,8,close,omp-persistent,omp_persistent_v2,1024,1024,266,35,12345,8,0,0.220502097,69386,11935737523586087401
623308,a100-b,421f588b01c32281c7c3895e2a02bc8e7ba31d56,formal,2,0,8,close,omp-interior,omp_interior_v3,1024,1024,266,35,12345,8,0,0.139486876,69386,11935737523586087401
623308,a100-b,421f588b01c32281c7c3895e2a02bc8e7ba31d56,formal,2,1,1,close,omp-interior,omp_interior_v3,1024,1024,266,35,12345,1,0,1.05900824,69386,11935737523586087401
623308,a100-b,421f588b01c32281c7c3895e2a02bc8e7ba31d56,formal,2,2,2,close,omp,omp_rows_v1,1024,1024,266,35,12345,2,0,0.746043506,69386,11935737523586087401
623308,a100-b,421f588b01c32281c7c3895e2a02bc8e7ba31d56,formal,2,3,4,close,omp-simd,omp_simd_v4,1024,1024,266,35,12345,4,0,0.250484084,69386,11935737523586087401
623308,a100-b,421f588b01c32281c7c3895e2a02bc8e7ba31d56,formal,2,4,1,close,serial,v3_explicit_neighbours,1024,1024,266,35,12345,1,0,1.52086088,69386,11935737523586087401
623308,a100-b,421f588b01c32281c7c3895e2a02bc8e7ba31d56,formal,2,5,1,close,omp-persistent,omp_persistent_v2,1024,1024,266,35,12345,1,0,1.71106914,69386,11935737523586087401
623308,a100-b,421f588b01c32281c7c3895e2a02bc8e7ba31d56,formal,2,6,1,close,omp-simd,omp_simd_v4,1024,1024,266,35,12345,1,0,0.990907904,69386,11935737523586087401
623308,a100-b,421f588b01c32281c7c3895e2a02bc8e7ba31d56,formal,2,7,4,close,omp-interior,omp_interior_v3,1024,1024,266,35,12345,4,0,0.268330152,69386,11935737523586087401
623308,a100-b,421f588b01c32281c7c3895e2a02bc8e7ba31d56,formal,2,8,2,close,omp-persistent,omp_persistent_v2,1024,1024,266,35,12345,2,0,0.857252564,69386,11935737523586087401
623308,a100-b,421f588b01c32281c7c3895e2a02bc8e7ba31d56,formal,2,9,8,close,omp,omp_rows_v1,1024,1024,266,35,12345,8,0,0.191596987,69386,11935737523586087401
623308,a100-b,421f588b01c32281c7c3895e2a02bc8e7ba31d56,formal,2,10,1,close,omp,omp_rows_v1,1024,1024,266,35,12345,1,0,1.48775878,69386,11935737523586087401
623308,a100-b,421f588b01c32281c7c3895e2a02bc8e7ba31d56,formal,2,11,8,close,omp-simd,omp_simd_v4,1024,1024,266,35,12345,8,0,0.128106469,69386,11935737523586087401
623308,a100-b,421f588b01c32281c7c3895e2a02bc8e7ba31d56,formal,2,12,2,close,omp-simd,omp_simd_v4,1024,1024,266,35,12345,2,0,0.497065928,69386,11935737523586087401
623308,a100-b,421f588b01c32281c7c3895e2a02bc8e7ba31d56,formal,2,13,2,close,omp-interior,omp_interior_v3,1024,1024,266,35,12345,2,0,0.53185911,69386,11935737523586087401
623308,a100-b,421f588b01c32281c7c3895e2a02bc8e7ba31d56,formal,2,14,4,close,omp-persistent,omp_persistent_v2,1024,1024,266,35,12345,4,0,0.430548628,69386,11935737523586087401
623308,a100-b,421f588b01c32281c7c3895e2a02bc8e7ba31d56,formal,2,15,4,close,omp,omp_rows_v1,1024,1024,266,35,12345,4,0,0.374551985,69386,11935737523586087401
623308,a100-b,421f588b01c32281c7c3895e2a02bc8e7ba31d56,formal,2,16,8,close,omp-persistent,omp_persistent_v2,1024,1024,266,35,12345,8,0,0.218860795,69386,11935737523586087401
623308,a100-b,421f588b01c32281c7c3895e2a02bc8e7ba31d56,formal,3,0,2,close,omp-interior,omp_interior_v3,1024,1024,266,35,12345,2,0,0.530432632,69386,11935737523586087401
623308,a100-b,421f588b01c32281c7c3895e2a02bc8e7ba31d56,formal,3,1,1,close,omp,omp_rows_v1,1024,1024,266,35,12345,1,0,1.49539109,69386,11935737523586087401
623308,a100-b,421f588b01c32281c7c3895e2a02bc8e7ba31d56,formal,3,2,1,close,omp-simd,omp_simd_v4,1024,1024,266,35,12345,1,0,0.998581309,69386,11935737523586087401
623308,a100-b,421f588b01c32281c7c3895e2a02bc8e7ba31d56,formal,3,3,1,close,omp-interior,omp_interior_v3,1024,1024,266,35,12345,1,0,1.05853003,69386,11935737523586087401
623308,a100-b,421f588b01c32281c7c3895e2a02bc8e7ba31d56,formal,3,4,8,close,omp,omp_rows_v1,1024,1024,266,35,12345,8,0,0.19407225,69386,11935737523586087401
623308,a100-b,421f588b01c32281c7c3895e2a02bc8e7ba31d56,formal,3,5,1,close,omp-persistent,omp_persistent_v2,1024,1024,266,35,12345,1,0,1.70840682,69386,11935737523586087401
623308,a100-b,421f588b01c32281c7c3895e2a02bc8e7ba31d56,formal,3,6,2,close,omp-persistent,omp_persistent_v2,1024,1024,266,35,12345,2,0,0.858167758,69386,11935737523586087401
623308,a100-b,421f588b01c32281c7c3895e2a02bc8e7ba31d56,formal,3,7,4,close,omp-simd,omp_simd_v4,1024,1024,266,35,12345,4,0,0.251450746,69386,11935737523586087401
623308,a100-b,421f588b01c32281c7c3895e2a02bc8e7ba31d56,formal,3,8,1,close,serial,v3_explicit_neighbours,1024,1024,266,35,12345,1,0,1.52362416,69386,11935737523586087401
623308,a100-b,421f588b01c32281c7c3895e2a02bc8e7ba31d56,formal,3,9,8,close,omp-interior,omp_interior_v3,1024,1024,266,35,12345,8,0,0.137122122,69386,11935737523586087401
623308,a100-b,421f588b01c32281c7c3895e2a02bc8e7ba31d56,formal,3,10,8,close,omp-simd,omp_simd_v4,1024,1024,266,35,12345,8,0,0.128494769,69386,11935737523586087401
623308,a100-b,421f588b01c32281c7c3895e2a02bc8e7ba31d56,formal,3,11,4,close,omp-interior,omp_interior_v3,1024,1024,266,35,12345,4,0,0.268623505,69386,11935737523586087401
623308,a100-b,421f588b01c32281c7c3895e2a02bc8e7ba31d56,formal,3,12,8,close,omp-persistent,omp_persistent_v2,1024,1024,266,35,12345,8,0,0.221747923,69386,11935737523586087401
623308,a100-b,421f588b01c32281c7c3895e2a02bc8e7ba31d56,formal,3,13,4,close,omp,omp_rows_v1,1024,1024,266,35,12345,4,0,0.376280441,69386,11935737523586087401
623308,a100-b,421f588b01c32281c7c3895e2a02bc8e7ba31d56,formal,3,14,4,close,omp-persistent,omp_persistent_v2,1024,1024,266,35,12345,4,0,0.42974794,69386,11935737523586087401
623308,a100-b,421f588b01c32281c7c3895e2a02bc8e7ba31d56,formal,3,15,2,close,omp-simd,omp_simd_v4,1024,1024,266,35,12345,2,0,0.527454493,69386,11935737523586087401
623308,a100-b,421f588b01c32281c7c3895e2a02bc8e7ba31d56,formal,3,16,2,close,omp,omp_rows_v1,1024,1024,266,35,12345,2,0,0.746473385,69386,11935737523586087401
623308,a100-b,421f588b01c32281c7c3895e2a02bc8e7ba31d56,formal,4,0,4,close,omp-interior,omp_interior_v3,1024,1024,266,35,12345,4,0,0.268419952,69386,11935737523586087401
623308,a100-b,421f588b01c32281c7c3895e2a02bc8e7ba31d56,formal,4,1,1,close,omp-interior,omp_interior_v3,1024,1024,266,35,12345,1,0,1.06316044,69386,11935737523586087401
623308,a100-b,421f588b01c32281c7c3895e2a02bc8e7ba31d56,formal,4,2,1,close,serial,v3_explicit_neighbours,1024,1024,266,35,12345,1,0,1.5197789,69386,11935737523586087401
623308,a100-b,421f588b01c32281c7c3895e2a02bc8e7ba31d56,formal,4,3,8,close,omp-simd,omp_simd_v4,1024,1024,266,35,12345,8,0,0.128120805,69386,11935737523586087401
623308,a100-b,421f588b01c32281c7c3895e2a02bc8e7ba31d56,formal,4,4,2,close,omp-persistent,omp_persistent_v2,1024,1024,266,35,12345,2,0,0.86032399,69386,11935737523586087401
623308,a100-b,421f588b01c32281c7c3895e2a02bc8e7ba31d56,formal,4,5,4,close,omp-simd,omp_simd_v4,1024,1024,266,35,12345,4,0,0.250682078,69386,11935737523586087401
623308,a100-b,421f588b01c32281c7c3895e2a02bc8e7ba31d56,formal,4,6,4,close,omp-persistent,omp_persistent_v2,1024,1024,266,35,12345,4,0,0.430731413,69386,11935737523586087401
623308,a100-b,421f588b01c32281c7c3895e2a02bc8e7ba31d56,formal,4,7,4,close,omp,omp_rows_v1,1024,1024,266,35,12345,4,0,0.376100141,69386,11935737523586087401
623308,a100-b,421f588b01c32281c7c3895e2a02bc8e7ba31d56,formal,4,8,8,close,omp-interior,omp_interior_v3,1024,1024,266,35,12345,8,0,0.137207422,69386,11935737523586087401
623308,a100-b,421f588b01c32281c7c3895e2a02bc8e7ba31d56,formal,4,9,1,close,omp-simd,omp_simd_v4,1024,1024,266,35,12345,1,0,0.991839469,69386,11935737523586087401
623308,a100-b,421f588b01c32281c7c3895e2a02bc8e7ba31d56,formal,4,10,2,close,omp,omp_rows_v1,1024,1024,266,35,12345,2,0,0.744752224,69386,11935737523586087401
623308,a100-b,421f588b01c32281c7c3895e2a02bc8e7ba31d56,formal,4,11,8,close,omp-persistent,omp_persistent_v2,1024,1024,266,35,12345,8,0,0.227327664,69386,11935737523586087401
623308,a100-b,421f588b01c32281c7c3895e2a02bc8e7ba31d56,formal,4,12,8,close,omp,omp_rows_v1,1024,1024,266,35,12345,8,0,0.195174246,69386,11935737523586087401
623308,a100-b,421f588b01c32281c7c3895e2a02bc8e7ba31d56,formal,4,13,1,close,omp,omp_rows_v1,1024,1024,266,35,12345,1,0,1.4884688,69386,11935737523586087401
623308,a100-b,421f588b01c32281c7c3895e2a02bc8e7ba31d56,formal,4,14,2,close,omp-simd,omp_simd_v4,1024,1024,266,35,12345,2,0,0.500070779,69386,11935737523586087401
623308,a100-b,421f588b01c32281c7c3895e2a02bc8e7ba31d56,formal,4,15,2,close,omp-interior,omp_interior_v3,1024,1024,266,35,12345,2,0,0.53721586,69386,11935737523586087401
623308,a100-b,421f588b01c32281c7c3895e2a02bc8e7ba31d56,formal,4,16,1,close,omp-persistent,omp_persistent_v2,1024,1024,266,35,12345,1,0,1.71179862,69386,11935737523586087401
623308,a100-b,421f588b01c32281c7c3895e2a02bc8e7ba31d56,formal,5,0,1,close,omp-persistent,omp_persistent_v2,1024,1024,266,35,12345,1,0,1.70898376,69386,11935737523586087401
623308,a100-b,421f588b01c32281c7c3895e2a02bc8e7ba31d56,formal,5,1,4,close,omp,omp_rows_v1,1024,1024,266,35,12345,4,0,0.377538772,69386,11935737523586087401
623308,a100-b,421f588b01c32281c7c3895e2a02bc8e7ba31d56,formal,5,2,8,close,omp,omp_rows_v1,1024,1024,266,35,12345,8,0,0.195042958,69386,11935737523586087401
623308,a100-b,421f588b01c32281c7c3895e2a02bc8e7ba31d56,formal,5,3,4,close,omp-interior,omp_interior_v3,1024,1024,266,35,12345,4,0,0.267292557,69386,11935737523586087401
623308,a100-b,421f588b01c32281c7c3895e2a02bc8e7ba31d56,formal,5,4,4,close,omp-persistent,omp_persistent_v2,1024,1024,266,35,12345,4,0,0.428473168,69386,11935737523586087401
623308,a100-b,421f588b01c32281c7c3895e2a02bc8e7ba31d56,formal,5,5,1,close,omp,omp_rows_v1,1024,1024,266,35,12345,1,0,1.49400551,69386,11935737523586087401
623308,a100-b,421f588b01c32281c7c3895e2a02bc8e7ba31d56,formal,5,6,2,close,omp-interior,omp_interior_v3,1024,1024,266,35,12345,2,0,0.532048898,69386,11935737523586087401
623308,a100-b,421f588b01c32281c7c3895e2a02bc8e7ba31d56,formal,5,7,8,close,omp-simd,omp_simd_v4,1024,1024,266,35,12345,8,0,0.127570348,69386,11935737523586087401
623308,a100-b,421f588b01c32281c7c3895e2a02bc8e7ba31d56,formal,5,8,2,close,omp-persistent,omp_persistent_v2,1024,1024,266,35,12345,2,0,0.860341943,69386,11935737523586087401
623308,a100-b,421f588b01c32281c7c3895e2a02bc8e7ba31d56,formal,5,9,1,close,omp-interior,omp_interior_v3,1024,1024,266,35,12345,1,0,1.06000343,69386,11935737523586087401
623308,a100-b,421f588b01c32281c7c3895e2a02bc8e7ba31d56,formal,5,10,1,close,omp-simd,omp_simd_v4,1024,1024,266,35,12345,1,0,0.995025792,69386,11935737523586087401
623308,a100-b,421f588b01c32281c7c3895e2a02bc8e7ba31d56,formal,5,11,2,close,omp-simd,omp_simd_v4,1024,1024,266,35,12345,2,0,0.498418517,69386,11935737523586087401
623308,a100-b,421f588b01c32281c7c3895e2a02bc8e7ba31d56,formal,5,12,1,close,serial,v3_explicit_neighbours,1024,1024,266,35,12345,1,0,1.52322797,69386,11935737523586087401
623308,a100-b,421f588b01c32281c7c3895e2a02bc8e7ba31d56,formal,5,13,8,close,omp-interior,omp_interior_v3,1024,1024,266,35,12345,8,0,0.137313551,69386,11935737523586087401
623308,a100-b,421f588b01c32281c7c3895e2a02bc8e7ba31d56,formal,5,14,4,close,omp-simd,omp_simd_v4,1024,1024,266,35,12345,4,0,0.250149705,69386,11935737523586087401
623308,a100-b,421f588b01c32281c7c3895e2a02bc8e7ba31d56,formal,5,15,8,close,omp-persistent,omp_persistent_v2,1024,1024,266,35,12345,8,0,0.218871806,69386,11935737523586087401
623308,a100-b,421f588b01c32281c7c3895e2a02bc8e7ba31d56,formal,5,16,2,close,omp,omp_rows_v1,1024,1024,266,35,12345,2,0,0.746504394,69386,11935737523586087401
623308,a100-b,421f588b01c32281c7c3895e2a02bc8e7ba31d56,formal,1,0,8,close,omp-persistent,omp_persistent_v2,2048,2048,53,35,12345,8,0,0.217189968,508205,16641885920915097038
623308,a100-b,421f588b01c32281c7c3895e2a02bc8e7ba31d56,formal,1,1,4,close,omp,omp_rows_v1,2048,2048,53,35,12345,4,0,0.370278936,508205,16641885920915097038
623308,a100-b,421f588b01c32281c7c3895e2a02bc8e7ba31d56,formal,1,2,8,close,omp-interior,omp_interior_v3,2048,2048,53,35,12345,8,0,0.143699591,508205,16641885920915097038
623308,a100-b,421f588b01c32281c7c3895e2a02bc8e7ba31d56,formal,1,3,4,close,omp-persistent,omp_persistent_v2,2048,2048,53,35,12345,4,0,0.420640093,508205,16641885920915097038
623308,a100-b,421f588b01c32281c7c3895e2a02bc8e7ba31d56,formal,1,4,4,close,omp-interior,omp_interior_v3,2048,2048,53,35,12345,4,0,0.283746061,508205,16641885920915097038
623308,a100-b,421f588b01c32281c7c3895e2a02bc8e7ba31d56,formal,1,5,1,close,omp-simd,omp_simd_v4,2048,2048,53,35,12345,1,0,1.0656655,508205,16641885920915097038
623308,a100-b,421f588b01c32281c7c3895e2a02bc8e7ba31d56,formal,1,6,1,close,omp-interior,omp_interior_v3,2048,2048,53,35,12345,1,0,1.12816905,508205,16641885920915097038
623308,a100-b,421f588b01c32281c7c3895e2a02bc8e7ba31d56,formal,1,7,4,close,omp-simd,omp_simd_v4,2048,2048,53,35,12345,4,0,0.268911206,508205,16641885920915097038
623308,a100-b,421f588b01c32281c7c3895e2a02bc8e7ba31d56,formal,1,8,8,close,omp,omp_rows_v1,2048,2048,53,35,12345,8,0,0.187584499,508205,16641885920915097038
623308,a100-b,421f588b01c32281c7c3895e2a02bc8e7ba31d56,formal,1,9,1,close,omp,omp_rows_v1,2048,2048,53,35,12345,1,0,1.47593677,508205,16641885920915097038
623308,a100-b,421f588b01c32281c7c3895e2a02bc8e7ba31d56,formal,1,10,2,close,omp,omp_rows_v1,2048,2048,53,35,12345,2,0,0.741506219,508205,16641885920915097038
623308,a100-b,421f588b01c32281c7c3895e2a02bc8e7ba31d56,formal,1,11,8,close,omp-simd,omp_simd_v4,2048,2048,53,35,12345,8,0,0.136030816,508205,16641885920915097038
623308,a100-b,421f588b01c32281c7c3895e2a02bc8e7ba31d56,formal,1,12,2,close,omp-simd,omp_simd_v4,2048,2048,53,35,12345,2,0,0.533565154,508205,16641885920915097038
623308,a100-b,421f588b01c32281c7c3895e2a02bc8e7ba31d56,formal,1,13,2,close,omp-persistent,omp_persistent_v2,2048,2048,53,35,12345,2,0,0.840065729,508205,16641885920915097038
623308,a100-b,421f588b01c32281c7c3895e2a02bc8e7ba31d56,formal,1,14,1,close,omp-persistent,omp_persistent_v2,2048,2048,53,35,12345,1,0,1.68277035,508205,16641885920915097038
623308,a100-b,421f588b01c32281c7c3895e2a02bc8e7ba31d56,formal,1,15,1,close,serial,v3_explicit_neighbours,2048,2048,53,35,12345,1,0,1.50489361,508205,16641885920915097038
623308,a100-b,421f588b01c32281c7c3895e2a02bc8e7ba31d56,formal,1,16,2,close,omp-interior,omp_interior_v3,2048,2048,53,35,12345,2,0,0.564844426,508205,16641885920915097038
623308,a100-b,421f588b01c32281c7c3895e2a02bc8e7ba31d56,formal,2,0,1,close,omp-persistent,omp_persistent_v2,2048,2048,53,35,12345,1,0,1.68320972,508205,16641885920915097038
623308,a100-b,421f588b01c32281c7c3895e2a02bc8e7ba31d56,formal,2,1,4,close,omp,omp_rows_v1,2048,2048,53,35,12345,4,0,0.371229998,508205,16641885920915097038
623308,a100-b,421f588b01c32281c7c3895e2a02bc8e7ba31d56,formal,2,2,1,close,serial,v3_explicit_neighbours,2048,2048,53,35,12345,1,0,1.52226096,508205,16641885920915097038
623308,a100-b,421f588b01c32281c7c3895e2a02bc8e7ba31d56,formal,2,3,2,close,omp-interior,omp_interior_v3,2048,2048,53,35,12345,2,0,0.563454598,508205,16641885920915097038
623308,a100-b,421f588b01c32281c7c3895e2a02bc8e7ba31d56,formal,2,4,4,close,omp-interior,omp_interior_v3,2048,2048,53,35,12345,4,0,0.282921799,508205,16641885920915097038
623308,a100-b,421f588b01c32281c7c3895e2a02bc8e7ba31d56,formal,2,5,2,close,omp-simd,omp_simd_v4,2048,2048,53,35,12345,2,0,0.533987529,508205,16641885920915097038
623308,a100-b,421f588b01c32281c7c3895e2a02bc8e7ba31d56,formal,2,6,4,close,omp-persistent,omp_persistent_v2,2048,2048,53,35,12345,4,0,0.420075469,508205,16641885920915097038
623308,a100-b,421f588b01c32281c7c3895e2a02bc8e7ba31d56,formal,2,7,8,close,omp,omp_rows_v1,2048,2048,53,35,12345,8,0,0.187507303,508205,16641885920915097038
623308,a100-b,421f588b01c32281c7c3895e2a02bc8e7ba31d56,formal,2,8,8,close,omp-persistent,omp_persistent_v2,2048,2048,53,35,12345,8,0,0.211846963,508205,16641885920915097038
623308,a100-b,421f588b01c32281c7c3895e2a02bc8e7ba31d56,formal,2,9,2,close,omp-persistent,omp_persistent_v2,2048,2048,53,35,12345,2,0,0.83773051,508205,16641885920915097038
623308,a100-b,421f588b01c32281c7c3895e2a02bc8e7ba31d56,formal,2,10,1,close,omp-simd,omp_simd_v4,2048,2048,53,35,12345,1,0,1.06889279,508205,16641885920915097038
623308,a100-b,421f588b01c32281c7c3895e2a02bc8e7ba31d56,formal,2,11,8,close,omp-simd,omp_simd_v4,2048,2048,53,35,12345,8,0,0.135665768,508205,16641885920915097038
623308,a100-b,421f588b01c32281c7c3895e2a02bc8e7ba31d56,formal,2,12,4,close,omp-simd,omp_simd_v4,2048,2048,53,35,12345,4,0,0.267706798,508205,16641885920915097038
623308,a100-b,421f588b01c32281c7c3895e2a02bc8e7ba31d56,formal,2,13,2,close,omp,omp_rows_v1,2048,2048,53,35,12345,2,0,0.740601866,508205,16641885920915097038
623308,a100-b,421f588b01c32281c7c3895e2a02bc8e7ba31d56,formal,2,14,8,close,omp-interior,omp_interior_v3,2048,2048,53,35,12345,8,0,0.143575027,508205,16641885920915097038
623308,a100-b,421f588b01c32281c7c3895e2a02bc8e7ba31d56,formal,2,15,1,close,omp-interior,omp_interior_v3,2048,2048,53,35,12345,1,0,1.12785025,508205,16641885920915097038
623308,a100-b,421f588b01c32281c7c3895e2a02bc8e7ba31d56,formal,2,16,1,close,omp,omp_rows_v1,2048,2048,53,35,12345,1,0,1.48017515,508205,16641885920915097038
623308,a100-b,421f588b01c32281c7c3895e2a02bc8e7ba31d56,formal,3,0,1,close,omp,omp_rows_v1,2048,2048,53,35,12345,1,0,1.48221529,508205,16641885920915097038
623308,a100-b,421f588b01c32281c7c3895e2a02bc8e7ba31d56,formal,3,1,1,close,omp-simd,omp_simd_v4,2048,2048,53,35,12345,1,0,1.07020374,508205,16641885920915097038
623308,a100-b,421f588b01c32281c7c3895e2a02bc8e7ba31d56,formal,3,2,1,close,serial,v3_explicit_neighbours,2048,2048,53,35,12345,1,0,1.51692177,508205,16641885920915097038
623308,a100-b,421f588b01c32281c7c3895e2a02bc8e7ba31d56,formal,3,3,4,close,omp-simd,omp_simd_v4,2048,2048,53,35,12345,4,0,0.268304344,508205,16641885920915097038
623308,a100-b,421f588b01c32281c7c3895e2a02bc8e7ba31d56,formal,3,4,4,close,omp-interior,omp_interior_v3,2048,2048,53,35,12345,4,0,0.283321191,508205,16641885920915097038
623308,a100-b,421f588b01c32281c7c3895e2a02bc8e7ba31d56,formal,3,5,8,close,omp,omp_rows_v1,2048,2048,53,35,12345,8,0,0.187581032,508205,16641885920915097038
623308,a100-b,421f588b01c32281c7c3895e2a02bc8e7ba31d56,formal,3,6,2,close,omp-persistent,omp_persistent_v2,2048,2048,53,35,12345,2,0,0.838793402,508205,16641885920915097038
623308,a100-b,421f588b01c32281c7c3895e2a02bc8e7ba31d56,formal,3,7,4,close,omp-persistent,omp_persistent_v2,2048,2048,53,35,12345,4,0,0.420889172,508205,16641885920915097038
623308,a100-b,421f588b01c32281c7c3895e2a02bc8e7ba31d56,formal,3,8,4,close,omp,omp_rows_v1,2048,2048,53,35,12345,4,0,0.370662338,508205,16641885920915097038
623308,a100-b,421f588b01c32281c7c3895e2a02bc8e7ba31d56,formal,3,9,8,close,omp-persistent,omp_persistent_v2,2048,2048,53,35,12345,8,0,0.212619999,508205,16641885920915097038
623308,a100-b,421f588b01c32281c7c3895e2a02bc8e7ba31d56,formal,3,10,8,close,omp-interior,omp_interior_v3,2048,2048,53,35,12345,8,0,0.143603861,508205,16641885920915097038
623308,a100-b,421f588b01c32281c7c3895e2a02bc8e7ba31d56,formal,3,11,2,close,omp-interior,omp_interior_v3,2048,2048,53,35,12345,2,0,0.566586827,508205,16641885920915097038
623308,a100-b,421f588b01c32281c7c3895e2a02bc8e7ba31d56,formal,3,12,1,close,omp-interior,omp_interior_v3,2048,2048,53,35,12345,1,0,1.13134916,508205,16641885920915097038
623308,a100-b,421f588b01c32281c7c3895e2a02bc8e7ba31d56,formal,3,13,8,close,omp-simd,omp_simd_v4,2048,2048,53,35,12345,8,0,0.139538904,508205,16641885920915097038
623308,a100-b,421f588b01c32281c7c3895e2a02bc8e7ba31d56,formal,3,14,2,close,omp,omp_rows_v1,2048,2048,53,35,12345,2,0,0.746071869,508205,16641885920915097038
623308,a100-b,421f588b01c32281c7c3895e2a02bc8e7ba31d56,formal,3,15,1,close,omp-persistent,omp_persistent_v2,2048,2048,53,35,12345,1,0,1.68613719,508205,16641885920915097038
623308,a100-b,421f588b01c32281c7c3895e2a02bc8e7ba31d56,formal,3,16,2,close,omp-simd,omp_simd_v4,2048,2048,53,35,12345,2,0,0.539924984,508205,16641885920915097038
623308,a100-b,421f588b01c32281c7c3895e2a02bc8e7ba31d56,formal,4,0,2,close,omp-persistent,omp_persistent_v2,2048,2048,53,35,12345,2,0,0.84335803,508205,16641885920915097038
623308,a100-b,421f588b01c32281c7c3895e2a02bc8e7ba31d56,formal,4,1,2,close,omp,omp_rows_v1,2048,2048,53,35,12345,2,0,0.745049102,508205,16641885920915097038
623308,a100-b,421f588b01c32281c7c3895e2a02bc8e7ba31d56,formal,4,2,4,close,omp-interior,omp_interior_v3,2048,2048,53,35,12345,4,0,0.285936528,508205,16641885920915097038
623308,a100-b,421f588b01c32281c7c3895e2a02bc8e7ba31d56,formal,4,3,2,close,omp-interior,omp_interior_v3,2048,2048,53,35,12345,2,0,0.567073544,508205,16641885920915097038
623308,a100-b,421f588b01c32281c7c3895e2a02bc8e7ba31d56,formal,4,4,1,close,serial,v3_explicit_neighbours,2048,2048,53,35,12345,1,0,1.51583011,508205,16641885920915097038
623308,a100-b,421f588b01c32281c7c3895e2a02bc8e7ba31d56,formal,4,5,4,close,omp-simd,omp_simd_v4,2048,2048,53,35,12345,4,0,0.270049812,508205,16641885920915097038
623308,a100-b,421f588b01c32281c7c3895e2a02bc8e7ba31d56,formal,4,6,1,close,omp-interior,omp_interior_v3,2048,2048,53,35,12345,1,0,1.12858564,508205,16641885920915097038
623308,a100-b,421f588b01c32281c7c3895e2a02bc8e7ba31d56,formal,4,7,1,close,omp-persistent,omp_persistent_v2,2048,2048,53,35,12345,1,0,1.68533386,508205,16641885920915097038
623308,a100-b,421f588b01c32281c7c3895e2a02bc8e7ba31d56,formal,4,8,4,close,omp-persistent,omp_persistent_v2,2048,2048,53,35,12345,4,0,0.435236799,508205,16641885920915097038
623308,a100-b,421f588b01c32281c7c3895e2a02bc8e7ba31d56,formal,4,9,1,close,omp-simd,omp_simd_v4,2048,2048,53,35,12345,1,0,1.07189194,508205,16641885920915097038
623308,a100-b,421f588b01c32281c7c3895e2a02bc8e7ba31d56,formal,4,10,8,close,omp,omp_rows_v1,2048,2048,53,35,12345,8,0,0.189623971,508205,16641885920915097038
623308,a100-b,421f588b01c32281c7c3895e2a02bc8e7ba31d56,formal,4,11,1,close,omp,omp_rows_v1,2048,2048,53,35,12345,1,0,1.48346511,508205,16641885920915097038
623308,a100-b,421f588b01c32281c7c3895e2a02bc8e7ba31d56,formal,4,12,4,close,omp,omp_rows_v1,2048,2048,53,35,12345,4,0,0.373835495,508205,16641885920915097038
623308,a100-b,421f588b01c32281c7c3895e2a02bc8e7ba31d56,formal,4,13,2,close,omp-simd,omp_simd_v4,2048,2048,53,35,12345,2,0,0.536001914,508205,16641885920915097038
623308,a100-b,421f588b01c32281c7c3895e2a02bc8e7ba31d56,formal,4,14,8,close,omp-simd,omp_simd_v4,2048,2048,53,35,12345,8,0,0.136317305,508205,16641885920915097038
623308,a100-b,421f588b01c32281c7c3895e2a02bc8e7ba31d56,formal,4,15,8,close,omp-persistent,omp_persistent_v2,2048,2048,53,35,12345,8,0,0.213908376,508205,16641885920915097038
623308,a100-b,421f588b01c32281c7c3895e2a02bc8e7ba31d56,formal,4,16,8,close,omp-interior,omp_interior_v3,2048,2048,53,35,12345,8,0,0.143234044,508205,16641885920915097038
623308,a100-b,421f588b01c32281c7c3895e2a02bc8e7ba31d56,formal,5,0,8,close,omp,omp_rows_v1,2048,2048,53,35,12345,8,0,0.191562583,508205,16641885920915097038
623308,a100-b,421f588b01c32281c7c3895e2a02bc8e7ba31d56,formal,5,1,4,close,omp-interior,omp_interior_v3,2048,2048,53,35,12345,4,0,0.284597826,508205,16641885920915097038
623308,a100-b,421f588b01c32281c7c3895e2a02bc8e7ba31d56,formal,5,2,1,close,omp-interior,omp_interior_v3,2048,2048,53,35,12345,1,0,1.13274877,508205,16641885920915097038
623308,a100-b,421f588b01c32281c7c3895e2a02bc8e7ba31d56,formal,5,3,2,close,omp-interior,omp_interior_v3,2048,2048,53,35,12345,2,0,0.567679877,508205,16641885920915097038
623308,a100-b,421f588b01c32281c7c3895e2a02bc8e7ba31d56,formal,5,4,4,close,omp-persistent,omp_persistent_v2,2048,2048,53,35,12345,4,0,0.423648921,508205,16641885920915097038
623308,a100-b,421f588b01c32281c7c3895e2a02bc8e7ba31d56,formal,5,5,1,close,omp-persistent,omp_persistent_v2,2048,2048,53,35,12345,1,0,1.68344214,508205,16641885920915097038
623308,a100-b,421f588b01c32281c7c3895e2a02bc8e7ba31d56,formal,5,6,1,close,omp-simd,omp_simd_v4,2048,2048,53,35,12345,1,0,1.07159746,508205,16641885920915097038
623308,a100-b,421f588b01c32281c7c3895e2a02bc8e7ba31d56,formal,5,7,4,close,omp-simd,omp_simd_v4,2048,2048,53,35,12345,4,0,0.271929412,508205,16641885920915097038
623308,a100-b,421f588b01c32281c7c3895e2a02bc8e7ba31d56,formal,5,8,1,close,omp,omp_rows_v1,2048,2048,53,35,12345,1,0,1.48762615,508205,16641885920915097038
623308,a100-b,421f588b01c32281c7c3895e2a02bc8e7ba31d56,formal,5,9,2,close,omp,omp_rows_v1,2048,2048,53,35,12345,2,0,0.742857805,508205,16641885920915097038
623308,a100-b,421f588b01c32281c7c3895e2a02bc8e7ba31d56,formal,5,10,8,close,omp-interior,omp_interior_v3,2048,2048,53,35,12345,8,0,0.144667254,508205,16641885920915097038
623308,a100-b,421f588b01c32281c7c3895e2a02bc8e7ba31d56,formal,5,11,2,close,omp-persistent,omp_persistent_v2,2048,2048,53,35,12345,2,0,0.844951802,508205,16641885920915097038
623308,a100-b,421f588b01c32281c7c3895e2a02bc8e7ba31d56,formal,5,12,8,close,omp-persistent,omp_persistent_v2,2048,2048,53,35,12345,8,0,0.214994292,508205,16641885920915097038
623308,a100-b,421f588b01c32281c7c3895e2a02bc8e7ba31d56,formal,5,13,1,close,serial,v3_explicit_neighbours,2048,2048,53,35,12345,1,0,1.51671889,508205,16641885920915097038
623308,a100-b,421f588b01c32281c7c3895e2a02bc8e7ba31d56,formal,5,14,4,close,omp,omp_rows_v1,2048,2048,53,35,12345,4,0,0.375470596,508205,16641885920915097038
623308,a100-b,421f588b01c32281c7c3895e2a02bc8e7ba31d56,formal,5,15,2,close,omp-simd,omp_simd_v4,2048,2048,53,35,12345,2,0,0.537099591,508205,16641885920915097038
623308,a100-b,421f588b01c32281c7c3895e2a02bc8e7ba31d56,formal,5,16,8,close,omp-simd,omp_simd_v4,2048,2048,53,35,12345,8,0,0.136391204,508205,16641885920915097038
623308,a100-b,421f588b01c32281c7c3895e2a02bc8e7ba31d56,formal,1,0,8,close,omp-interior,omp_interior_v3,4096,4096,10,35,12345,8,0,0.143847781,3806864,16155144208300294155
623308,a100-b,421f588b01c32281c7c3895e2a02bc8e7ba31d56,formal,1,1,8,close,omp,omp_rows_v1,4096,4096,10,35,12345,8,0,0.1738889,3806864,16155144208300294155
623308,a100-b,421f588b01c32281c7c3895e2a02bc8e7ba31d56,formal,1,2,4,close,omp-persistent,omp_persistent_v2,4096,4096,10,35,12345,4,0,0.385732236,3806864,16155144208300294155
623308,a100-b,421f588b01c32281c7c3895e2a02bc8e7ba31d56,formal,1,3,1,close,omp-interior,omp_interior_v3,4096,4096,10,35,12345,1,0,1.12583228,3806864,16155144208300294155
623308,a100-b,421f588b01c32281c7c3895e2a02bc8e7ba31d56,formal,1,4,1,close,omp-simd,omp_simd_v4,4096,4096,10,35,12345,1,0,1.07439728,3806864,16155144208300294155
623308,a100-b,421f588b01c32281c7c3895e2a02bc8e7ba31d56,formal,1,5,4,close,omp-simd,omp_simd_v4,4096,4096,10,35,12345,4,0,0.269791054,3806864,16155144208300294155
623308,a100-b,421f588b01c32281c7c3895e2a02bc8e7ba31d56,formal,1,6,8,close,omp-persistent,omp_persistent_v2,4096,4096,10,35,12345,8,0,0.194277467,3806864,16155144208300294155
623308,a100-b,421f588b01c32281c7c3895e2a02bc8e7ba31d56,formal,1,7,2,close,omp-persistent,omp_persistent_v2,4096,4096,10,35,12345,2,0,0.770793939,3806864,16155144208300294155
623308,a100-b,421f588b01c32281c7c3895e2a02bc8e7ba31d56,formal,1,8,1,close,serial,v3_explicit_neighbours,4096,4096,10,35,12345,1,0,1.3832052,3806864,16155144208300294155
623308,a100-b,421f588b01c32281c7c3895e2a02bc8e7ba31d56,formal,1,9,8,close,omp-simd,omp_simd_v4,4096,4096,10,35,12345,8,0,0.135556682,3806864,16155144208300294155
623308,a100-b,421f588b01c32281c7c3895e2a02bc8e7ba31d56,formal,1,10,4,close,omp-interior,omp_interior_v3,4096,4096,10,35,12345,4,0,0.283913547,3806864,16155144208300294155
623308,a100-b,421f588b01c32281c7c3895e2a02bc8e7ba31d56,formal,1,11,2,close,omp-interior,omp_interior_v3,4096,4096,10,35,12345,2,0,0.567422532,3806864,16155144208300294155
623308,a100-b,421f588b01c32281c7c3895e2a02bc8e7ba31d56,formal,1,12,1,close,omp,omp_rows_v1,4096,4096,10,35,12345,1,0,1.36356606,3806864,16155144208300294155
623308,a100-b,421f588b01c32281c7c3895e2a02bc8e7ba31d56,formal,1,13,2,close,omp-simd,omp_simd_v4,4096,4096,10,35,12345,2,0,0.536757757,3806864,16155144208300294155
623308,a100-b,421f588b01c32281c7c3895e2a02bc8e7ba31d56,formal,1,14,1,close,omp-persistent,omp_persistent_v2,4096,4096,10,35,12345,1,0,1.5395798,3806864,16155144208300294155
623308,a100-b,421f588b01c32281c7c3895e2a02bc8e7ba31d56,formal,1,15,4,close,omp,omp_rows_v1,4096,4096,10,35,12345,4,0,0.366271266,3806864,16155144208300294155
623308,a100-b,421f588b01c32281c7c3895e2a02bc8e7ba31d56,formal,1,16,2,close,omp,omp_rows_v1,4096,4096,10,35,12345,2,0,0.684187496,3806864,16155144208300294155
623308,a100-b,421f588b01c32281c7c3895e2a02bc8e7ba31d56,formal,2,0,1,close,omp-persistent,omp_persistent_v2,4096,4096,10,35,12345,1,0,1.54132114,3806864,16155144208300294155
623308,a100-b,421f588b01c32281c7c3895e2a02bc8e7ba31d56,formal,2,1,8,close,omp-simd,omp_simd_v4,4096,4096,10,35,12345,8,0,0.135402702,3806864,16155144208300294155
623308,a100-b,421f588b01c32281c7c3895e2a02bc8e7ba31d56,formal,2,2,8,close,omp-persistent,omp_persistent_v2,4096,4096,10,35,12345,8,0,0.193161515,3806864,16155144208300294155
623308,a100-b,421f588b01c32281c7c3895e2a02bc8e7ba31d56,formal,2,3,8,close,omp-interior,omp_interior_v3,4096,4096,10,35,12345,8,0,0.143754565,3806864,16155144208300294155
623308,a100-b,421f588b01c32281c7c3895e2a02bc8e7ba31d56,formal,2,4,4,close,omp,omp_rows_v1,4096,4096,10,35,12345,4,0,0.343141377,3806864,16155144208300294155
623308,a100-b,421f588b01c32281c7c3895e2a02bc8e7ba31d56,formal,2,5,2,close,omp,omp_rows_v1,4096,4096,10,35,12345,2,0,0.683956831,3806864,16155144208300294155
623308,a100-b,421f588b01c32281c7c3895e2a02bc8e7ba31d56,formal,2,6,2,close,omp-interior,omp_interior_v3,4096,4096,10,35,12345,2,0,0.566404605,3806864,16155144208300294155
623308,a100-b,421f588b01c32281c7c3895e2a02bc8e7ba31d56,formal,2,7,4,close,omp-interior,omp_interior_v3,4096,4096,10,35,12345,4,0,0.284040045,3806864,16155144208300294155
623308,a100-b,421f588b01c32281c7c3895e2a02bc8e7ba31d56,formal,2,8,1,close,serial,v3_explicit_neighbours,4096,4096,10,35,12345,1,0,1.38432495,3806864,16155144208300294155
623308,a100-b,421f588b01c32281c7c3895e2a02bc8e7ba31d56,formal,2,9,1,close,omp,omp_rows_v1,4096,4096,10,35,12345,1,0,1.36459457,3806864,16155144208300294155
623308,a100-b,421f588b01c32281c7c3895e2a02bc8e7ba31d56,formal,2,10,2,close,omp-simd,omp_simd_v4,4096,4096,10,35,12345,2,0,0.53589355,3806864,16155144208300294155
623308,a100-b,421f588b01c32281c7c3895e2a02bc8e7ba31d56,formal,2,11,1,close,omp-simd,omp_simd_v4,4096,4096,10,35,12345,1,0,1.06946042,3806864,16155144208300294155
623308,a100-b,421f588b01c32281c7c3895e2a02bc8e7ba31d56,formal,2,12,4,close,omp-simd,omp_simd_v4,4096,4096,10,35,12345,4,0,0.2690242,3806864,16155144208300294155
623308,a100-b,421f588b01c32281c7c3895e2a02bc8e7ba31d56,formal,2,13,1,close,omp-interior,omp_interior_v3,4096,4096,10,35,12345,1,0,1.12305531,3806864,16155144208300294155
623308,a100-b,421f588b01c32281c7c3895e2a02bc8e7ba31d56,formal,2,14,4,close,omp-persistent,omp_persistent_v2,4096,4096,10,35,12345,4,0,0.385521559,3806864,16155144208300294155
623308,a100-b,421f588b01c32281c7c3895e2a02bc8e7ba31d56,formal,2,15,8,close,omp,omp_rows_v1,4096,4096,10,35,12345,8,0,0.171338616,3806864,16155144208300294155
623308,a100-b,421f588b01c32281c7c3895e2a02bc8e7ba31d56,formal,2,16,2,close,omp-persistent,omp_persistent_v2,4096,4096,10,35,12345,2,0,0.770176727,3806864,16155144208300294155
623308,a100-b,421f588b01c32281c7c3895e2a02bc8e7ba31d56,formal,3,0,1,close,omp,omp_rows_v1,4096,4096,10,35,12345,1,0,1.36223712,3806864,16155144208300294155
623308,a100-b,421f588b01c32281c7c3895e2a02bc8e7ba31d56,formal,3,1,2,close,omp-persistent,omp_persistent_v2,4096,4096,10,35,12345,2,0,0.771144559,3806864,16155144208300294155
623308,a100-b,421f588b01c32281c7c3895e2a02bc8e7ba31d56,formal,3,2,2,close,omp-interior,omp_interior_v3,4096,4096,10,35,12345,2,0,0.566665396,3806864,16155144208300294155
623308,a100-b,421f588b01c32281c7c3895e2a02bc8e7ba31d56,formal,3,3,8,close,omp-interior,omp_interior_v3,4096,4096,10,35,12345,8,0,0.142962784,3806864,16155144208300294155
623308,a100-b,421f588b01c32281c7c3895e2a02bc8e7ba31d56,formal,3,4,2,close,omp,omp_rows_v1,4096,4096,10,35,12345,2,0,0.683019706,3806864,16155144208300294155
623308,a100-b,421f588b01c32281c7c3895e2a02bc8e7ba31d56,formal,3,5,8,close,omp-persistent,omp_persistent_v2,4096,4096,10,35,12345,8,0,0.192517081,3806864,16155144208300294155
623308,a100-b,421f588b01c32281c7c3895e2a02bc8e7ba31d56,formal,3,6,1,close,omp-persistent,omp_persistent_v2,4096,4096,10,35,12345,1,0,1.53957982,3806864,16155144208300294155
623308,a100-b,421f588b01c32281c7c3895e2a02bc8e7ba31d56,formal,3,7,8,close,omp,omp_rows_v1,4096,4096,10,35,12345,8,0,0.171461358,3806864,16155144208300294155
623308,a100-b,421f588b01c32281c7c3895e2a02bc8e7ba31d56,formal,3,8,4,close,omp-interior,omp_interior_v3,4096,4096,10,35,12345,4,0,0.284301548,3806864,16155144208300294155
623308,a100-b,421f588b01c32281c7c3895e2a02bc8e7ba31d56,formal,3,9,1,close,serial,v3_explicit_neighbours,4096,4096,10,35,12345,1,0,1.38287375,3806864,16155144208300294155
623308,a100-b,421f588b01c32281c7c3895e2a02bc8e7ba31d56,formal,3,10,2,close,omp-simd,omp_simd_v4,4096,4096,10,35,12345,2,0,0.535637988,3806864,16155144208300294155
623308,a100-b,421f588b01c32281c7c3895e2a02bc8e7ba31d56,formal,3,11,4,close,omp,omp_rows_v1,4096,4096,10,35,12345,4,0,0.343230615,3806864,16155144208300294155
623308,a100-b,421f588b01c32281c7c3895e2a02bc8e7ba31d56,formal,3,12,1,close,omp-simd,omp_simd_v4,4096,4096,10,35,12345,1,0,1.07181364,3806864,16155144208300294155
623308,a100-b,421f588b01c32281c7c3895e2a02bc8e7ba31d56,formal,3,13,4,close,omp-persistent,omp_persistent_v2,4096,4096,10,35,12345,4,0,0.385507683,3806864,16155144208300294155
623308,a100-b,421f588b01c32281c7c3895e2a02bc8e7ba31d56,formal,3,14,1,close,omp-interior,omp_interior_v3,4096,4096,10,35,12345,1,0,1.12971109,3806864,16155144208300294155
623308,a100-b,421f588b01c32281c7c3895e2a02bc8e7ba31d56,formal,3,15,8,close,omp-simd,omp_simd_v4,4096,4096,10,35,12345,8,0,0.135850977,3806864,16155144208300294155
623308,a100-b,421f588b01c32281c7c3895e2a02bc8e7ba31d56,formal,3,16,4,close,omp-simd,omp_simd_v4,4096,4096,10,35,12345,4,0,0.269081828,3806864,16155144208300294155
623308,a100-b,421f588b01c32281c7c3895e2a02bc8e7ba31d56,formal,4,0,8,close,omp-interior,omp_interior_v3,4096,4096,10,35,12345,8,0,0.142677256,3806864,16155144208300294155
623308,a100-b,421f588b01c32281c7c3895e2a02bc8e7ba31d56,formal,4,1,2,close,omp,omp_rows_v1,4096,4096,10,35,12345,2,0,0.683096962,3806864,16155144208300294155
623308,a100-b,421f588b01c32281c7c3895e2a02bc8e7ba31d56,formal,4,2,4,close,omp-persistent,omp_persistent_v2,4096,4096,10,35,12345,4,0,0.386082877,3806864,16155144208300294155
623308,a100-b,421f588b01c32281c7c3895e2a02bc8e7ba31d56,formal,4,3,1,close,omp-interior,omp_interior_v3,4096,4096,10,35,12345,1,0,1.12689043,3806864,16155144208300294155
623308,a100-b,421f588b01c32281c7c3895e2a02bc8e7ba31d56,formal,4,4,8,close,omp,omp_rows_v1,4096,4096,10,35,12345,8,0,0.174000441,3806864,16155144208300294155
623308,a100-b,421f588b01c32281c7c3895e2a02bc8e7ba31d56,formal,4,5,2,close,omp-interior,omp_interior_v3,4096,4096,10,35,12345,2,0,0.567044951,3806864,16155144208300294155
623308,a100-b,421f588b01c32281c7c3895e2a02bc8e7ba31d56,formal,4,6,1,close,omp-persistent,omp_persistent_v2,4096,4096,10,35,12345,1,0,1.53865797,3806864,16155144208300294155
623308,a100-b,421f588b01c32281c7c3895e2a02bc8e7ba31d56,formal,4,7,4,close,omp-interior,omp_interior_v3,4096,4096,10,35,12345,4,0,0.284072617,3806864,16155144208300294155
623308,a100-b,421f588b01c32281c7c3895e2a02bc8e7ba31d56,formal,4,8,2,close,omp-persistent,omp_persistent_v2,4096,4096,10,35,12345,2,0,0.770818045,3806864,16155144208300294155
623308,a100-b,421f588b01c32281c7c3895e2a02bc8e7ba31d56,formal,4,9,8,close,omp-persistent,omp_persistent_v2,4096,4096,10,35,12345,8,0,0.196449428,3806864,16155144208300294155
623308,a100-b,421f588b01c32281c7c3895e2a02bc8e7ba31d56,formal,4,10,4,close,omp-simd,omp_simd_v4,4096,4096,10,35,12345,4,0,0.271897171,3806864,16155144208300294155
623308,a100-b,421f588b01c32281c7c3895e2a02bc8e7ba31d56,formal,4,11,2,close,omp-simd,omp_simd_v4,4096,4096,10,35,12345,2,0,0.542108928,3806864,16155144208300294155
623308,a100-b,421f588b01c32281c7c3895e2a02bc8e7ba31d56,formal,4,12,8,close,omp-simd,omp_simd_v4,4096,4096,10,35,12345,8,0,0.135451975,3806864,16155144208300294155
623308,a100-b,421f588b01c32281c7c3895e2a02bc8e7ba31d56,formal,4,13,1,close,omp,omp_rows_v1,4096,4096,10,35,12345,1,0,1.36038331,3806864,16155144208300294155
623308,a100-b,421f588b01c32281c7c3895e2a02bc8e7ba31d56,formal,4,14,4,close,omp,omp_rows_v1,4096,4096,10,35,12345,4,0,0.344531294,3806864,16155144208300294155
623308,a100-b,421f588b01c32281c7c3895e2a02bc8e7ba31d56,formal,4,15,1,close,serial,v3_explicit_neighbours,4096,4096,10,35,12345,1,0,1.36783888,3806864,16155144208300294155
623308,a100-b,421f588b01c32281c7c3895e2a02bc8e7ba31d56,formal,4,16,1,close,omp-simd,omp_simd_v4,4096,4096,10,35,12345,1,0,1.07285067,3806864,16155144208300294155
623308,a100-b,421f588b01c32281c7c3895e2a02bc8e7ba31d56,formal,5,0,8,close,omp,omp_rows_v1,4096,4096,10,35,12345,8,0,0.17191963,3806864,16155144208300294155
623308,a100-b,421f588b01c32281c7c3895e2a02bc8e7ba31d56,formal,5,1,8,close,omp-persistent,omp_persistent_v2,4096,4096,10,35,12345,8,0,0.198747116,3806864,16155144208300294155
623308,a100-b,421f588b01c32281c7c3895e2a02bc8e7ba31d56,formal,5,2,1,close,serial,v3_explicit_neighbours,4096,4096,10,35,12345,1,0,1.37278988,3806864,16155144208300294155
623308,a100-b,421f588b01c32281c7c3895e2a02bc8e7ba31d56,formal,5,3,1,close,omp-interior,omp_interior_v3,4096,4096,10,35,12345,1,0,1.1194255,3806864,16155144208300294155
623308,a100-b,421f588b01c32281c7c3895e2a02bc8e7ba31d56,formal,5,4,4,close,omp-persistent,omp_persistent_v2,4096,4096,10,35,12345,4,0,0.384595335,3806864,16155144208300294155
623308,a100-b,421f588b01c32281c7c3895e2a02bc8e7ba31d56,formal,5,5,8,close,omp-simd,omp_simd_v4,4096,4096,10,35,12345,8,0,0.135955745,3806864,16155144208300294155
623308,a100-b,421f588b01c32281c7c3895e2a02bc8e7ba31d56,formal,5,6,4,close,omp-interior,omp_interior_v3,4096,4096,10,35,12345,4,0,0.281946211,3806864,16155144208300294155
623308,a100-b,421f588b01c32281c7c3895e2a02bc8e7ba31d56,formal,5,7,1,close,omp,omp_rows_v1,4096,4096,10,35,12345,1,0,1.36863871,3806864,16155144208300294155
623308,a100-b,421f588b01c32281c7c3895e2a02bc8e7ba31d56,formal,5,8,2,close,omp-persistent,omp_persistent_v2,4096,4096,10,35,12345,2,0,0.772098616,3806864,16155144208300294155
623308,a100-b,421f588b01c32281c7c3895e2a02bc8e7ba31d56,formal,5,9,4,close,omp-simd,omp_simd_v4,4096,4096,10,35,12345,4,0,0.269506137,3806864,16155144208300294155
623308,a100-b,421f588b01c32281c7c3895e2a02bc8e7ba31d56,formal,5,10,2,close,omp-interior,omp_interior_v3,4096,4096,10,35,12345,2,0,0.564148234,3806864,16155144208300294155
623308,a100-b,421f588b01c32281c7c3895e2a02bc8e7ba31d56,formal,5,11,1,close,omp-simd,omp_simd_v4,4096,4096,10,35,12345,1,0,1.07072903,3806864,16155144208300294155
623308,a100-b,421f588b01c32281c7c3895e2a02bc8e7ba31d56,formal,5,12,4,close,omp,omp_rows_v1,4096,4096,10,35,12345,4,0,0.343826547,3806864,16155144208300294155
623308,a100-b,421f588b01c32281c7c3895e2a02bc8e7ba31d56,formal,5,13,8,close,omp-interior,omp_interior_v3,4096,4096,10,35,12345,8,0,0.14327406,3806864,16155144208300294155
623308,a100-b,421f588b01c32281c7c3895e2a02bc8e7ba31d56,formal,5,14,2,close,omp-simd,omp_simd_v4,4096,4096,10,35,12345,2,0,0.536640838,3806864,16155144208300294155
623308,a100-b,421f588b01c32281c7c3895e2a02bc8e7ba31d56,formal,5,15,2,close,omp,omp_rows_v1,4096,4096,10,35,12345,2,0,0.683422755,3806864,16155144208300294155
623308,a100-b,421f588b01c32281c7c3895e2a02bc8e7ba31d56,formal,5,16,1,close,omp-persistent,omp_persistent_v2,4096,4096,10,35,12345,1,0,1.5405391,3806864,16155144208300294155
