phase,size,generations,backend,threads,chunk,binding,n,mean_seconds,median_seconds,min_seconds,stdev_seconds,serial_speedup,omp_scaling_speedup,omp_scaling_efficiency,v1_improvement,ideal_scaling_speedup
formal,512,1291,omp,1,0,close,5,1.544486012,1.54142099,1.53636157,0.0073299435109808525,1.0142456150152723,1.0,1.0,1.0,1
formal,512,1291,omp,2,0,close,5,0.7778629426,0.775793146,0.77506828,0.0034278377627602967,2.015201459384896,1.9868968911978502,0.9934484455989251,1.0,2
formal,512,1291,omp,4,0,close,5,0.3914766206,0.391447422,0.390710023,0.0006457746798058015,3.9938428308259497,3.9377472001846523,0.9844368000461631,1.0,4
formal,512,1291,omp,8,0,close,5,0.2043819432,0.204228908,0.202954196,0.001160904163713658,7.655035201970527,7.547516191978072,0.943439523997259,1.0,8
formal,512,1291,omp-interior,1,0,close,5,1.0323344079999999,1.03102531,1.03041934,0.002329755848403445,1.5163347250903085,1.0,1.0,1.4950370035047928,1
formal,512,1291,omp-interior,2,0,close,5,0.5201470471999999,0.519710625,0.517791771,0.0019846899605902514,3.008173019360534,1.9838449714203938,0.9919224857101969,1.4927405919399859,2
formal,512,1291,omp-interior,4,0,close,5,0.2657938266,0.265565544,0.264340647,0.0015068336877906605,5.886981633430579,3.8823760585447036,0.9705940146361759,1.4740143472829443,4
formal,512,1291,omp-interior,8,0,close,5,0.1403022142,0.138704722,0.137697125,0.0032196527326136723,11.271277988646991,7.433238718433825,0.9291548398042281,1.4724005430759595,8
formal,512,1291,omp-persistent,1,0,close,5,1.7887993819999999,1.78881323,1.78604432,0.0020637068196257737,0.8739758034996198,1.0,1.0,0.8617003520261308,1
formal,512,1291,omp-persistent,2,0,close,5,0.8999207946,0.8979627,0.897063936,0.004937842789213915,1.7410294213779705,1.992079659878968,0.996039829939484,0.863948074903334,2
formal,512,1291,omp-persistent,4,0,close,5,0.466907104,0.454051857,0.452923051,0.028718725729599225,3.4431738487526986,3.9396672481839445,0.9849168120459861,0.8621205176570833,4
formal,512,1291,omp-persistent,8,0,close,5,0.23994518339999998,0.235558077,0.234900718,0.008522012841045893,6.6369173152997,7.593937141879452,0.9492421427349315,0.8670002345111689,8
formal,512,1291,omp-simd,1,0,close,5,0.955746164,0.955641843,0.955303629,0.00034871225437028665,1.6359470772984979,1.0,1.0,1.6129693370908624,1
formal,512,1291,omp-simd,2,0,close,5,0.4827549244,0.481754853,0.481458516,0.00197901179203329,3.2451764009526234,1.9836683264299158,0.9918341632149579,1.610348377746389,2
formal,512,1291,omp-simd,4,0,close,5,0.245120835,0.245066408,0.244759952,0.0002827427853606507,6.3794115756574845,3.899521973652137,0.9748804934130343,1.5973116233865883,4
formal,512,1291,omp-simd,8,0,close,5,0.1349888328,0.129494042,0.127683552,0.012300467569884533,12.072983867473996,7.379813219514763,0.9224766524393454,1.5771297647809925,8
formal,512,1291,serial,1,0,close,5,1.561679138,1.56337948,1.55653501,0.0039013900530157743,1.0,1.0,1.0,0.9859544721669239,1
formal,1024,266,omp,1,0,close,5,1.489929172,1.4884688,1.48402168,0.00469549862291221,1.0217620147630908,1.0,1.0,1.0,1
formal,1024,266,omp,2,0,close,5,0.7458969378,0.746043506,0.744752224,0.0007189666700774369,2.0385686193480517,1.9951501327055314,0.9975750663527657,1.0,2
formal,1024,266,omp,4,0,close,5,0.3754489708,0.376100141,0.372773515,0.001833390414064403,4.04376577992296,3.9576395691912274,0.9894098922978068,1.0,4
formal,1024,266,omp,8,0,close,5,0.1935240212,0.19407225,0.191596987,0.0017499858457232429,7.836570555553409,7.669663231090483,0.9587079038863103,1.0,8
formal,1024,266,omp-interior,1,0,close,5,1.059974334,1.05916953,1.05853003,0.0018587078280434927,1.435899388080018,1.0,1.0,1.405316861786989,1
formal,1024,266,omp-interior,2,0,close,5,0.5325799196,0.53185911,0.530432632,0.0026661801101393666,2.8595183412389047,1.991447565878866,0.995723782939433,1.4027088978507862,2
formal,1024,266,omp-interior,4,0,close,5,0.2681057474,0.268330152,0.267292557,0.000533284229020795,5.66787171946297,3.947262438102744,0.986815609525686,1.4016320499084278,4
formal,1024,266,omp-interior,8,0,close,5,0.137865712,0.137313551,0.137122122,0.0010037596069460578,11.075825138336128,7.713510591536591,0.9641888239420738,1.4133510391847632,8
formal,1024,266,omp-persistent,1,0,close,5,1.710066454,1.71007393,1.70840682,0.001408229870113529,0.8893538772326645,1.0,1.0,0.8704119593238872,1
formal,1024,266,omp-persistent,2,0,close,5,0.8583516042,0.858167758,0.855671766,0.002017112778668878,1.7722186202199408,1.992703540838457,0.9963517704192285,0.869344599637126,2
formal,1024,266,omp-persistent,4,0,close,5,0.429818585,0.42974794,0.428473168,0.000898999121499566,3.5389602565634175,3.9792486963404645,0.9948121740851161,0.8751644999159275,4
formal,1024,266,omp-persistent,8,0,close,5,0.22146205700000002,0.220502097,0.218860795,0.003495874435876171,6.897262659592757,7.7553635691727685,0.9694204461465961,0.8801378882124644,8
formal,1024,266,omp-simd,1,0,close,5,0.9933998786,0.991839469,0.990644919,0.0033810291812846486,1.5333740262760205,1.0,1.0,1.500715434828093,1
formal,1024,266,omp-simd,2,0,close,5,0.5040444004,0.498418517,0.497065928,0.013142008450746683,3.0513731495252614,1.9899731554315425,0.9949865777157713,1.4968214072191062,2
formal,1024,266,omp-simd,4,0,close,5,0.2506018666,0.250484084,0.250149705,0.0005182516855021362,6.071686694472771,3.9596905845722317,0.9899226461430579,1.5014931687236464,4
formal,1024,266,omp-simd,8,0,close,5,0.128047461,0.128106469,0.127570348,0.0003343270985285256,11.871850749395021,7.742305886207823,0.9677882357759778,1.5149293514599953,8
formal,1024,266,serial,1,0,close,5,1.520808766,1.52086088,1.51655192,0.002870673661508767,1.0,1.0,1.0,0.9787014838595887,1
formal,2048,53,omp,1,0,close,5,1.481883694,1.48221529,1.47593677,0.004297431239878144,1.023278399725589,1.0,1.0,1.0,1
formal,2048,53,omp,2,0,close,5,0.7432173722,0.742857805,0.740601866,0.002313092765586943,2.0417351474149212,1.9952880349692228,0.9976440174846114,1.0,2
formal,2048,53,omp,4,0,close,5,0.3722954726,0.371229998,0.370278936,0.0022539888088581555,4.085658212351686,3.992714214867948,0.998178553716987,1.0,4
formal,2048,53,omp,8,0,close,5,0.1887718776,0.187584499,0.187507303,0.0017986960480897887,8.085523580495849,7.90158727347722,0.9876984091846525,1.0,8
formal,2048,53,omp-interior,1,0,close,5,1.129740574,1.12858564,1.12785025,0.0021802337687574164,1.3439112073054553,1.0,1.0,1.3133387821592344,1
formal,2048,53,omp-interior,2,0,close,5,0.5659278543999999,0.566586827,0.563454598,0.001739773480663312,2.676939910570847,1.9919023638013387,0.9959511819006693,1.3111102651880044,2
formal,2048,53,omp-interior,4,0,close,5,0.28410468099999997,0.283746061,0.282921799,0.001197970172088833,5.345339014239214,3.9774495407004085,0.9943623851751021,1.3083177144087297,4
formal,2048,53,omp-interior,8,0,close,5,0.1437559554,0.143603861,0.143234044,0.0005389576481128155,10.561825284070878,7.859020169381101,0.9823775211726377,1.3062636178006384,8
formal,2048,53,omp-persistent,1,0,close,5,1.684178652,1.68344214,1.68277035,0.00146926599792891,0.9009628866721846,1.0,1.0,0.8804670233572744,1
formal,2048,53,omp-persistent,2,0,close,5,0.8409798946,0.840065729,0.83773051,0.0030662079710818374,1.8054764498076554,2.0039409797182666,1.0019704898591333,0.8842853354871235,2
formal,2048,53,omp-persistent,4,0,close,5,0.4240980908,0.420889172,0.420075469,0.006377871288086906,3.603606343191932,3.9997278428441017,0.9999319607110254,0.8820136575050689,4
formal,2048,53,omp-persistent,8,0,close,5,0.2141119196,0.213908376,0.211846963,0.0021006099399170507,7.090507245962168,7.869921559312852,0.9837401949141065,0.8769385402654826,8
formal,2048,53,omp-simd,1,0,close,5,1.069650286,1.07020374,1.0656655,0.0025285929994722555,1.417224434293231,1.0,1.0,1.384984218051789,1
formal,2048,53,omp-simd,2,0,close,5,0.5361158344,0.536001914,0.533565154,0.002575171351549882,2.8296893171168787,1.9966416388580284,0.9983208194290142,1.3859237916825797,2
formal,2048,53,omp-simd,4,0,close,5,0.2693803144,0.268911206,0.267706798,0.0016676748592296905,5.640221962338006,3.979766242988029,0.9949415607470072,1.3804928530944152,4
formal,2048,53,omp-simd,8,0,close,5,0.1367887994,0.136317305,0.135665768,0.0015635858420898405,11.126385531169355,7.850828183553071,0.9813535229441339,1.3760872033084868,8
formal,2048,53,serial,1,0,close,5,1.515325068,1.51671889,1.50489361,0.006357459758183275,1.0,1.0,1.0,0.977251156936537,1
formal,4096,10,omp,1,0,close,5,1.363883954,1.36356606,1.36038331,0.0030895107603194608,1.0141597026842983,1.0,1.0,1.0,1
formal,4096,10,omp,2,0,close,5,0.68353675,0.683422755,0.683019706,0.0005180929564233593,2.0234528919072936,1.9952014328232308,0.9976007164116154,1.0,2
formal,4096,10,omp,4,0,close,5,0.3482002198,0.343826547,0.343141377,0.010117331705953823,4.022009824622414,3.9658545039571944,0.9914636259892986,1.0,4
formal,4096,10,omp,8,0,close,5,0.172521789,0.17191963,0.171338616,0.0013174228571719152,8.04372223230122,7.931415743507591,0.9914269679384489,1.0,8
formal,4096,10,omp-interior,1,0,close,5,1.124982922,1.12583228,1.1194255,0.003915232934548103,1.2283124001383225,1.0,1.0,1.2111626964542177,1
formal,4096,10,omp-interior,2,0,close,5,0.5663371436,0.566665396,0.564148234,0.001282837208097456,2.4403709133493656,1.9867673020923269,0.9933836510461634,1.206042860256108,2
formal,4096,10,omp-interior,4,0,close,5,0.2836547936,0.284040045,0.281946211,0.0009653359663535856,4.868587279656289,3.9636392819188573,0.9909098204797143,1.2104861728211596,4
formal,4096,10,omp-interior,8,0,close,5,0.14330328920000002,0.14327406,0.142677256,0.0005022043590000985,9.651947812465144,7.857893326956742,0.9822366658695928,1.1999354942548566,8
formal,4096,10,omp-persistent,1,0,close,5,1.539935566,1.53957982,1.53865797,0.0010209609200551913,0.8982150402568929,1.0,1.0,0.8856741575113657,1
formal,4096,10,omp-persistent,2,0,close,5,0.7710063772,0.770818045,0.770176727,0.000703739700957108,1.7940339603751752,1.9973323535776852,0.9986661767888426,0.8866200777642668,2
formal,4096,10,omp-persistent,4,0,close,5,0.385487938,0.385521559,0.384595335,0.0005504303495447956,3.5870205380654205,3.9934986359608486,0.9983746589902122,0.8918477812028146,4
formal,4096,10,omp-persistent,8,0,close,5,0.19503052140000002,0.194277467,0.192517081,0.002559493595285265,7.118034692103536,7.92464429238209,0.9905805365477612,0.8849180126483736,8
formal,4096,10,omp-simd,1,0,close,5,1.071850208,1.07181364,1.06946042,0.001901181474628308,1.2902184655907158,1.0,1.0,1.272204429120719,1
formal,4096,10,omp-simd,2,0,close,5,0.5374078122,0.536640838,0.535637988,0.002670981966467429,2.5769074063647763,1.9972643975336073,0.9986321987668036,1.2735198415890967,2
formal,4096,10,omp-simd,4,0,close,5,0.269860078,0.269506137,0.2690242,0.0011815404699046462,5.131140112033886,3.9769544839715474,0.9942386209928868,1.2757651860076196,4
formal,4096,10,omp-simd,8,0,close,5,0.1356436162,0.135556682,0.135402702,0.00024634652706847143,10.201442891616363,7.906756230578142,0.9883445288222678,1.2682490266322686,8
formal,4096,10,serial,1,0,close,5,1.378206532,1.38287375,1.36783888,0.0074335888260428674,1.0,1.0,1.0,0.986037995153209,1
tuning,2048,53,omp-simd,4,0,close,5,0.2699820464,0.269423572,0.268971934,0.0015717804004632195,5.645958030724943,3.9721978743567394,0.9930494685891849,1.377867553474497,4
tuning,2048,53,omp-simd,4,0,spread,5,0.2721899174,0.27066334,0.269247403,0.0043406191741977565,5.620096833209847,3.9540033016661957,0.9885008254165489,1.3715562587825896,4
tuning,2048,53,omp-simd,4,1,close,5,0.2714181068,0.271640988,0.270934802,0.0003521632543022012,5.599869854692178,3.9397726678861877,0.9849431669715469,1.3666199667923458,4
tuning,2048,53,omp-simd,4,1,spread,5,0.284501299,0.28446001,0.284037484,0.0004274462091374764,5.347515033835512,3.7622291442653046,0.9405572860663262,1.3050340467892132,4
tuning,2048,53,omp-simd,4,8,close,5,0.2692665578,0.269198247,0.268781495,0.0004323106248829623,5.650683824846749,3.975522693504018,0.9938806733760045,1.379020859671497,4
tuning,2048,53,omp-simd,4,8,spread,5,0.2729703178,0.271983668,0.271860656,0.0014603564321858916,5.592814418548102,3.9348088356540583,0.9837022089135146,1.364898123221134,4
tuning,2048,53,omp-simd,4,32,close,5,0.2694882064,0.269324649,0.269115004,0.0005795425667199015,5.64803179229243,3.9736568634681477,0.9934142158670369,1.3783736445155452,4
tuning,2048,53,omp-simd,4,32,spread,5,0.2702731128,0.269796017,0.269752064,0.0007210164475614959,5.63816396147909,3.966714378885734,0.9916785947214335,1.3759654502238259,4
tuning,2048,53,omp-simd,8,0,close,5,0.1400139782,0.141655673,0.136760732,0.0026731132445683456,10.738392242151853,7.554965624285304,0.944370703035663,1.3242286385523012,8
tuning,2048,53,omp-simd,8,0,spread,5,0.1367832142,0.136777484,0.136483741,0.0003012806342659667,11.121378574268846,7.824414579814905,0.9780518224768632,1.3714574468996665,8
tuning,2048,53,omp-simd,8,1,close,5,0.1453778102,0.144503706,0.143728999,0.0027431004834768125,10.526748566573094,7.4060643122882945,0.9257580390360368,1.2981293296380922,8
tuning,2048,53,omp-simd,8,1,spread,5,0.1843270706,0.144661265,0.143600607,0.08931853672353361,10.515283272270569,7.397997936766279,0.9247497420957849,1.2967154614609513,8
tuning,2048,53,omp-simd,8,8,close,5,0.139225665,0.138626637,0.137201111,0.0026453641645511733,10.973029519572057,7.720044020111373,0.9650055025139216,1.3531634544376923,8
tuning,2048,53,omp-simd,8,8,spread,5,0.1378545906,0.137500255,0.137163731,0.0007289568889380893,11.062918974222994,7.783285492815995,0.9729106866019994,1.364248371757565,8
tuning,2048,53,omp-simd,8,32,close,5,0.14227653839999999,0.139981357,0.136226416,0.008203216936591418,10.866834074197465,7.6453305135483145,0.9556663141935393,1.340067727733201,8
tuning,2048,53,omp-simd,8,32,spread,5,0.1394338452,0.137462412,0.136739853,0.003263186552996429,11.0659645634619,7.785428208549112,0.973178526068639,1.3646239453444189,8
tuning,2048,53,serial,1,0,close,5,1.522605104,1.52115418,1.5193576,0.003278525951907388,1.0,0.9970842600583723,0.9970842600583723,0.9744017467052551,1
