phase,width,height,generations,backend,version,threads,block_x,block_y,samples,d2h_seconds_mean,d2h_seconds_median,d2h_seconds_min,d2h_seconds_sample_sd,gpu_e2e_seconds_mean,gpu_e2e_seconds_median,gpu_e2e_seconds_min,gpu_e2e_seconds_sample_sd,h2d_seconds_mean,h2d_seconds_median,h2d_seconds_min,h2d_seconds_sample_sd,kernel_event_seconds_mean,kernel_event_seconds_median,kernel_event_seconds_min,kernel_event_seconds_sample_sd,simulation_seconds_mean,simulation_seconds_median,simulation_seconds_min,simulation_seconds_sample_sd
tuning,512,512,512,cuda,cuda_direct_v2,0,8,8,5,7.06234e-05,6.9812e-05,6.3851e-05,6.373342160907415e-06,0.0037291368,0.003724516,0.003693268,2.7351226100487697e-05,6.87776e-05,6.348e-05,6.1967e-05,1.2855255668402713e-05,0.003330316781998,0.00332915210724,0.00330227208138,2.5348024738707893e-05,0.003348103,0.003339771,0.0033127,2.9029893308450235e-05
tuning,512,512,512,cuda,cuda_naive_v1,0,8,8,5,7.22642e-05,6.7958e-05,6.5373e-05,1.1218934739983112e-05,0.003676594,0.003681385,0.003658011,1.676518231335399e-05,6.65356e-05,6.6476e-05,6.4903e-05,1.453991506165009e-06,0.003284927988052,0.00327497601509,0.00325862407684,2.4314101334331403e-05,0.0033006336,0.003290719,0.003274348,2.3947559119876994e-05
tuning,512,512,512,cuda,cuda_naive_v1,0,32,8,5,6.7872e-05,6.894e-05,6.1927e-05,3.5283732087181448e-06,0.0031024242,0.003101162,0.003016352,5.999210569066577e-05,6.64314e-05,6.6215e-05,6.4582e-05,1.2909083236233322e-06,0.002708179187776,0.00270771193504,0.00264265608788,4.102836346620152e-05,0.0027244342,0.002724042,0.002660842,4.004829849319442e-05
tuning,512,512,512,cuda,cuda_naive_v1,0,32,16,5,7.03128e-05,7.0423e-05,6.8489e-05,1.518612590491729e-06,0.0032088066,0.003194718,0.00314824,5.978800345637912e-05,7.78726e-05,6.7477e-05,6.6585e-05,1.5233169016983958e-05,0.002819072008132,0.00281795191765,0.00275135993958,5.402867150023864e-05,0.0028329448,0.002833588,0.002762324,5.3810975383280215e-05
tuning,512,512,512,cuda,cuda_direct_v2,0,32,16,5,6.979559999999999e-05,6.882e-05,6.6946e-05,2.672827211025807e-06,0.0031362102,0.003111231,0.003032493,0.00010047433897617845,7.236820000000001e-05,6.6575e-05,6.2408e-05,1.519918085621722e-05,0.00275237121582,0.00274313592911,0.00265897607803,0.00010242639246284252,0.0027664494,0.002758346,0.002674068,0.0001034807558186546
tuning,512,512,512,cuda,cuda_shared_v3,0,8,8,5,7.03104e-05,6.7737e-05,6.5473e-05,7.321663117079345e-06,0.0049710684000000005,0.004973258,0.004946197,2.18225622304073e-05,6.5355e-05,6.5203e-05,6.2748e-05,2.2206916715293894e-06,0.004586726379394,0.00459855985641,0.00455548810959,2.392440904014176e-05,0.0046068742,0.004621406,0.00457077,2.845096812412543e-05
tuning,512,512,512,cuda,cuda_direct_v2,0,16,16,5,7.00682e-05,6.9642e-05,6.8219e-05,1.9001576776678306e-06,0.0029754734,0.002962561,0.002936372,4.125393847016298e-05,6.65094e-05,6.3951e-05,6.2488e-05,5.67379853361044e-06,0.0025955840110780002,0.00257580804825,0.00256159996986,4.4456566268514585e-05,0.0026101272,0.002591993,0.002576544,4.423333407849789e-05
tuning,512,512,512,cuda,cuda_naive_v1,0,16,16,5,6.94548e-05,6.9862e-05,6.7116e-05,1.348009532607246e-06,0.0031551516,0.003172777,0.003081986,4.369993842444172e-05,7.8157e-05,6.8068e-05,6.3319e-05,1.697276307794344e-05,0.002757311964034,0.00275532793999,0.00270271992683,3.890955176311528e-05,0.002772028,0.002770559,0.002713702,4.047967562246508e-05
tuning,512,512,512,cuda,cuda_shared_v3,0,32,8,5,6.686599999999999e-05,6.7046e-05,6.4752e-05,1.9278961330943095e-06,0.0043928532,0.004410168,0.004274252,7.769046726079054e-05,7.203e-05,6.8099e-05,6.364e-05,1.18231220707561e-05,0.004010252809524,0.00402950382233,0.00389750409126,7.648558947525235e-05,0.004024888,0.00404535,0.003913092,7.50350360065217e-05
tuning,512,512,512,cuda,cuda_direct_v2,0,32,8,5,6.64752e-05,6.6215e-05,6.4421e-05,1.5047355913913921e-06,0.0029652356,0.002949175,0.002892148,8.881725249522189e-05,6.53832e-05,6.5945e-05,6.3139e-05,1.8274824759761698e-06,0.002586060857772,0.00256432008743,0.00251465606689,9.324474288858426e-05,0.0026039214,0.002583938,0.002530928,9.223737729792617e-05
tuning,512,512,512,cuda,cuda_shared_v3,0,16,16,5,6.78538e-05,6.9161e-05,6.4321e-05,2.263502087474189e-06,0.0044862532,0.004490098,0.004360013,0.00012265915686853545,6.66394e-05,6.6996e-05,6.399e-05,1.527519328846608e-06,0.00409018878937,0.00410688018799,0.00396860790253,0.00011051821126034582,0.0041046098,0.004121654,0.003983233,0.00011174636439589427
tuning,512,512,512,cuda,cuda_shared_v3,0,32,16,5,7.33502e-05,6.9821e-05,6.8309e-05,8.204309580945856e-06,0.004466594,0.004478807,0.004405769,5.309596408391123e-05,6.71404e-05,6.6926e-05,6.6455e-05,7.304055722679037e-07,0.00406816635132,0.00409043216705,0.00400006389618,5.478437900368624e-05,0.0040834226,0.004105995,0.004015555,5.461639725668468e-05
tuning,2048,2048,128,cuda,cuda_direct_v2,0,32,8,5,0.0005584658,0.000554084,0.000544666,1.3973157345424841e-05,0.0057933635999999995,0.005814613,0.005493038,0.00028079655509336313,0.0005448266,0.00054659,0.000516703,2.2835591875403625e-05,0.00427642879486,0.00427884817123,0.00402124786377,0.00026970360601123717,0.0042930614,0.004294981,0.004041744,0.0002669308755142425
tuning,2048,2048,128,cuda,cuda_direct_v2,0,8,8,5,0.000553695,0.00055738,0.000535449,1.6972683420720477e-05,0.0091514134,0.009048235,0.008666957,0.00044207172891319395,0.0005490802,0.000548604,0.000529828,1.3349871767174415e-05,0.007651193523406,0.00755430412292,0.00719795179367,0.0004266041373783481,0.007665977,0.007565482,0.007214821,0.0004264645855408159
tuning,2048,2048,128,cuda,cuda_direct_v2,0,32,16,5,0.0005912676,0.000566016,0.000539697,7.546142345132377e-05,0.0059691666,0.005828389,0.005738961,0.00035227079417303404,0.0005399754,0.000535248,0.000523366,1.684790573928998e-05,0.004437907218934,0.0043279042244,0.0042371840477,0.00028471924099361044,0.0044551406,0.004344765,0.004254755,0.0002849230011008236
tuning,2048,2048,128,cuda,cuda_shared_v3,0,8,8,5,0.0005497114000000001,0.000539376,0.00053085,2.1567422117629146e-05,0.0127620814,0.012790164,0.012022508,0.0006106657640921915,0.0005579248,0.000558141,0.000551438,5.6991299950080306e-06,0.011237881660459999,0.0112592639923,0.010512960434,0.0006160924672593535,0.0112548838,0.011275881,0.010529555,0.0006170087771156095
tuning,2048,2048,128,cuda,cuda_naive_v1,0,16,16,5,0.000552104,0.000546109,0.000525179,2.1042573618737805e-05,0.006516546,0.006448387,0.006347127,0.00016624973102835378,0.0005453652,0.000538795,0.000529788,1.6673078830857858e-05,0.005005414485932,0.00498457622528,0.00485852813721,0.0001486262122330965,0.0050226334000000004,0.005002824,0.004874753,0.00014894645102284232
tuning,2048,2048,128,cuda,cuda_naive_v1,0,32,8,5,0.0005557308,0.000559283,0.000532473,1.7267500085420583e-05,0.0066057518,0.00650822,0.006468084,0.0001824587476888953,0.0005375169999999999,0.00053055,0.000526803,1.1739487893430449e-05,0.005093472099304,0.0049949760437,0.00497059202194,0.0001864305959050983,0.0051099562,0.005011531,0.004988187,0.0001873519747953036
tuning,2048,2048,128,cuda,cuda_naive_v1,0,32,16,5,0.0005521222,0.000558763,0.000538054,1.3080724070172867e-05,0.0065440238,0.00647645,0.006427018,0.00015504987066489303,0.000542063,0.000537382,0.000521101,1.6471770593958603e-05,0.005028441524508,0.004942527771,0.00491977596283,0.00015973043131242392,0.0050452904,0.004959683,0.00493667,0.00015952850045775513
tuning,2048,2048,128,cuda,cuda_shared_v3,0,32,8,5,0.000549992,0.00055201,0.000535769,1.3020529731927207e-05,0.0101890778,0.010061493,0.009785314,0.0004156271273830667,0.000543841,0.000532534,0.000519349,2.9267924003933056e-05,0.008673785591126,0.00850396823883,0.00831599998474,0.0004177608404453006,0.0086902166,0.008520882,0.00832893,0.00041911558024762075
tuning,2048,2048,128,cuda,cuda_naive_v1,0,8,8,5,0.0005608046,0.000560877,0.000546289,9.258691392416075e-06,0.0087446874,0.008584902,0.008555467,0.0003001526610798241,0.0005492366,0.000554374,0.000527163,1.5155299215126056e-05,0.007222496128084,0.00705424022675,0.00704464006424,0.000306401672087994,0.0072383596,0.007071061,0.007061332,0.00030398834783310373
tuning,2048,2048,128,cuda,cuda_direct_v2,0,16,16,5,0.000549407,0.000548443,0.000536521,1.095498635325486e-05,0.0057824368000000004,0.005725115,0.005573799,0.00020693409816702503,0.00051912,0.000520891,0.000495704,1.5308147520193286e-05,0.004285881519316,0.00424697589874,0.00406121587753,0.00019624038045279422,0.0043021042,0.004264202,0.004077972,0.00019529373327682582
tuning,2048,2048,128,cuda,cuda_shared_v3,0,16,16,5,0.0005448828,0.000539627,0.000537363,1.3022081504122126e-05,0.0100549554,0.00987375,0.009789642,0.00031145891907087835,0.0005402842,0.000542732,0.000522956,1.28050097500939e-05,0.008553299331666,0.00835859203339,0.0083328962326,0.00031076149201210803,0.008574454399999999,0.008375668,0.0083501,0.0003074974185815227
tuning,2048,2048,128,cuda,cuda_shared_v3,0,32,16,5,0.0005393662,0.000539376,0.000522755,1.4936368993165642e-05,0.0100582694,0.010004116,0.009764464,0.00032377533513966124,0.0005459182,0.000553162,0.000522384,2.0979567659987657e-05,0.008550419235228,0.0084705915451,0.00828073596954,0.0003248909046447191,0.008569393,0.008487879,0.008297701,0.000321364808024308
