job_id,node,commit,phase,rep,order,backend,version,width,height,generations,density,seed,threads,block_x,block_y,cpu_seconds,simulation_seconds,kernel_event_seconds,gpu_e2e_seconds,h2d_seconds,d2h_seconds,device_bytes,live_cells,checksum
623470,a100-b,71afc42ccd57c64735a3e091cc7b9eee5c4fdb5d,crossover,0,0,omp-vector,omp_branchfree_v5,64,64,1,35,12345,1,,,1.585e-05,,,,,,,1566,4314894930370106801
623470,a100-b,71afc42ccd57c64735a3e091cc7b9eee5c4fdb5d,crossover,0,1,cuda,cuda_direct_v2,64,64,1,35,12345,0,16,16,,0.000165382,0.000147456005216,0.000463703,3.4215e-05,1.9216e-05,8192,1566,4314894930370106801
623470,a100-b,71afc42ccd57c64735a3e091cc7b9eee5c4fdb5d,crossover,0,2,serial,v3_explicit_neighbours,64,64,1,35,12345,1,,,3.8813e-05,,,,,,,1566,4314894930370106801
623470,a100-b,71afc42ccd57c64735a3e091cc7b9eee5c4fdb5d,crossover,0,3,omp-vector,omp_branchfree_v5,64,64,1,35,12345,8,,,0.000826617,,,,,,,1566,4314894930370106801
623470,a100-b,71afc42ccd57c64735a3e091cc7b9eee5c4fdb5d,crossover,0,0,cuda,cuda_direct_v2,128,128,1,35,12345,0,16,16,,0.000164971,0.000149504005909,0.000492898,3.3543e-05,4.9383e-05,32768,6040,7534187053787166149
623470,a100-b,71afc42ccd57c64735a3e091cc7b9eee5c4fdb5d,crossover,0,1,omp-vector,omp_branchfree_v5,128,128,1,35,12345,8,,,0.002661314,,,,,,,6040,7534187053787166149
623470,a100-b,71afc42ccd57c64735a3e091cc7b9eee5c4fdb5d,crossover,0,2,omp-vector,omp_branchfree_v5,128,128,1,35,12345,1,,,2.4676e-05,,,,,,,6040,7534187053787166149
623470,a100-b,71afc42ccd57c64735a3e091cc7b9eee5c4fdb5d,crossover,0,3,serial,v3_explicit_neighbours,128,128,1,35,12345,1,,,0.000176462,,,,,,,6040,7534187053787166149
623470,a100-b,71afc42ccd57c64735a3e091cc7b9eee5c4fdb5d,crossover,0,0,omp-vector,omp_branchfree_v5,256,256,1,35,12345,8,,,0.000955941,,,,,,,24088,2074512615994329455
623470,a100-b,71afc42ccd57c64735a3e091cc7b9eee5c4fdb5d,crossover,0,1,cuda,cuda_direct_v2,256,256,1,35,12345,0,16,16,,0.000187373,0.000172031998634,0.000483961,4.209e-05,2.6981e-05,131072,24088,2074512615994329455
623470,a100-b,71afc42ccd57c64735a3e091cc7b9eee5c4fdb5d,crossover,0,2,omp-vector,omp_branchfree_v5,256,256,1,35,12345,1,,,7.5052e-05,,,,,,,24088,2074512615994329455
623470,a100-b,71afc42ccd57c64735a3e091cc7b9eee5c4fdb5d,crossover,0,3,serial,v3_explicit_neighbours,256,256,1,35,12345,1,,,0.000611262,,,,,,,24088,2074512615994329455
623470,a100-b,71afc42ccd57c64735a3e091cc7b9eee5c4fdb5d,crossover,0,0,omp-vector,omp_branchfree_v5,512,512,1,35,12345,1,,,0.000243259,,,,,,,97010,11714855350335172155
623470,a100-b,71afc42ccd57c64735a3e091cc7b9eee5c4fdb5d,crossover,0,1,cuda,cuda_direct_v2,512,512,1,35,12345,0,16,16,,0.000160192,0.000145600005984,0.000524628,7.2616e-05,6.6635e-05,524288,97010,11714855350335172155
623470,a100-b,71afc42ccd57c64735a3e091cc7b9eee5c4fdb5d,crossover,0,2,omp-vector,omp_branchfree_v5,512,512,1,35,12345,8,,,0.004158374,,,,,,,97010,11714855350335172155
623470,a100-b,71afc42ccd57c64735a3e091cc7b9eee5c4fdb5d,crossover,0,3,serial,v3_explicit_neighbours,512,512,1,35,12345,1,,,0.00234653,,,,,,,97010,11714855350335172155
623470,a100-b,71afc42ccd57c64735a3e091cc7b9eee5c4fdb5d,crossover,0,0,omp-vector,omp_branchfree_v5,1024,1024,1,35,12345,8,,,0.00113076,,,,,,,388121,9095244288197040148
623470,a100-b,71afc42ccd57c64735a3e091cc7b9eee5c4fdb5d,crossover,0,1,cuda,cuda_direct_v2,1024,1024,1,35,12345,0,16,16,,0.000173667,0.000157343998551,0.000830324,0.000203012,0.000222539,2097152,388121,9095244288197040148
623470,a100-b,71afc42ccd57c64735a3e091cc7b9eee5c4fdb5d,crossover,0,2,serial,v3_explicit_neighbours,1024,1024,1,35,12345,1,,,0.009542015,,,,,,,388121,9095244288197040148
623470,a100-b,71afc42ccd57c64735a3e091cc7b9eee5c4fdb5d,crossover,0,3,omp-vector,omp_branchfree_v5,1024,1024,1,35,12345,1,,,0.000953186,,,,,,,388121,9095244288197040148
