phase,width,height,generations,backend,version,threads,block_x,block_y,samples,cpu1_speedup_e2e,cpu1_speedup_simulation,cpu_seconds_mean,cpu_seconds_median,cpu_seconds_min,cpu_seconds_sample_sd,d2h_seconds_mean,d2h_seconds_median,d2h_seconds_min,d2h_seconds_sample_sd,gpu_e2e_seconds_mean,gpu_e2e_seconds_median,gpu_e2e_seconds_min,gpu_e2e_seconds_sample_sd,h2d_seconds_mean,h2d_seconds_median,h2d_seconds_min,h2d_seconds_sample_sd,kernel_event_seconds_mean,kernel_event_seconds_median,kernel_event_seconds_min,kernel_event_seconds_sample_sd,omp8_speedup_e2e,omp8_speedup_simulation,serial_speedup_e2e,serial_speedup_simulation,simulation_seconds_mean,simulation_seconds_median,simulation_seconds_min,simulation_seconds_sample_sd
main,512,512,4096,omp-vector,omp_branchfree_v5,8,,,5,,,0.1354897364,0.135366603,0.135071256,0.00046049769282299654,,,,,,,,,,,,,,,,,,,,,,,,
main,512,512,4096,serial,v3_explicit_neighbours,1,,,5,,,4.497962404,4.49597896,4.49470436,0.00345113087552888,,,,,,,,,,,,,,,,,,,,,,,,
main,512,512,4096,omp-vector,omp_branchfree_v5,1,,,5,,,0.978666849,0.979332637,0.977078942,0.0011471970311602822,,,,,,,,,,,,,,,,,,,,,,,,
main,512,512,4096,cuda,cuda_naive_v1,0,32,16,5,28.246748919950463,28.593277122102712,,,,,7.37748e-05,6.9751e-05,6.8028e-05,1.0494836001577157e-05,0.033594886,0.034670632,0.026311425,0.005344337967776879,7.4186e-05,7.5773e-05,7.0413e-05,3.094605952298288e-06,0.033174105072019996,0.0342329597473,0.0259236793518,0.005330672116204962,3.90435925713728,3.9522575337767085,129.67686773059114,131.2677301679911,0.0331978978,0.034250451,0.025941057,0.0053260511075281375
main,512,512,4096,cuda,cuda_direct_v2,0,16,16,5,36.24564605960816,36.75697404964544,,,,,7.03666e-05,6.9972e-05,6.9231e-05,1.3089263921244735e-06,0.029241969399999998,0.027019318,0.024669792,0.0052100268123750374,7.82616e-05,7.2667e-05,6.901e-05,1.3856658644853739e-05,0.02883942337034,0.0266270713806,0.0242814712524,0.005195182594246734,5.009993331437899,5.080670780973531,166.39868408225553,168.74611926210312,0.0288560446,0.026643451,0.024298453,0.0051947895080461425
main,512,512,4096,cuda,cuda_shared_v3,0,16,16,5,23.877855878523423,24.099351797518445,,,,,7.07452e-05,6.882e-05,6.8068e-05,4.765248440532771e-06,0.0427570172,0.041014262,0.03862446,0.0038325560043897208,7.3324e-05,7.0723e-05,6.7597e-05,6.9431783788118286e-06,0.04235501403808,0.040619808197,0.03823279953,0.0038286370696622076,3.300476380630718,3.331092280683398,109.61989173424601,110.6367484731147,0.042371472800000004,0.040637302,0.038249544,0.0038277125071359782
main,1024,1024,1024,cuda,cuda_naive_v1,0,32,16,5,55.69566216090632,57.91584380917303,,,,,0.0002243808,0.00022262,0.000218351,8.861891485456133e-06,0.0169895988,0.01710921,0.013489681,0.0031919421676864235,0.000207405,0.00020683,0.000201219,6.496251496055245e-06,0.0162991230011,0.0164409923553,0.012793343544,0.003191443615169299,7.2238341805378505,7.511795997589546,286.5456131522145,297.9681061620638,0.016315489,0.016453335,0.012810412,0.0031918136337064705
main,1024,1024,1024,omp-vector,omp_branchfree_v5,1,,,5,,,0.9528613808,0.95290878,0.951235669,0.0012924988175389888,,,,,,,,,,,,,,,,,,,,,,,,
main,1024,1024,1024,serial,v3_explicit_neighbours,1,,,5,,,4.9026756240000005,4.90256907,4.89597888,0.006099949233479597,,,,,,,,,,,,,,,,,,,,,,,,
main,1024,1024,1024,cuda,cuda_shared_v3,0,16,16,5,34.74485627542875,35.60496629590739,,,,,0.0002210282,0.000218792,0.000216909,5.104068396877144e-06,0.0273115154,0.027425895,0.021305876,0.005258406753019996,0.0002120414,0.000206619,0.000202632,1.4012855751059457e-05,0.02661580772402,0.0267456645966,0.0206269760132,0.005239644279260731,4.506474483330444,4.618032402275842,178.75694011079676,183.18207383996193,0.0266333858,0.026763367,0.020647596,0.005237462848837518
main,1024,1024,1024,cuda,cuda_direct_v2,0,16,16,5,62.11654792665687,65.03443811008893,,,,,0.0002242224,0.000219173,0.000218211,1.0986070443975864e-05,0.015080239799999999,0.015340659,0.013975827,0.0006954087603609118,0.00021257440000000002,0.000209334,0.000198855,1.2101139752106e-05,0.01438190727234,0.0146351680756,0.0132634563446,0.0007087122279367291,8.056635376615828,8.435091328557588,319.5800825766351,334.5921786588547,0.0143985778,0.014652372,0.013275899,0.0007108526837029595
main,1024,1024,1024,omp-vector,omp_branchfree_v5,8,,,5,,,0.124408892,0.123594096,0.122729186,0.0024938418231753336,,,,,,,,,,,,,,,,,,,,,,,,
main,2048,2048,256,omp-vector,omp_branchfree_v5,1,,,5,,,0.9421030384,0.941967068,0.940557052,0.00104392667999688,,,,,,,,,,,,,,,,,,,,,,,,
main,2048,2048,256,serial,v3_explicit_neighbours,1,,,5,,,5.705284454,5.70321557,5.70001559,0.007157507391699309,,,,,,,,,,,,,,,,,,,,,,,,
main,2048,2048,256,cuda,cuda_naive_v1,0,32,16,5,61.82955372204609,68.54749033552113,,,,,0.000552561,0.000550988,0.000544546,1.0076320955586926e-05,0.0156149894,0.0152349,0.012215331,0.0023725485048123464,0.0005517436,0.000555947,0.000533004,1.1598385072931486e-05,0.01409153938294,0.0137293119431,0.0107149763107,0.0023522080768862475,7.933239404262581,8.795205830495341,374.3520187201754,415.02630765640384,0.0141108962,0.013741817,0.010732117,0.002356908920643244
main,2048,2048,256,omp-vector,omp_branchfree_v5,8,,,5,,,0.1210591296,0.120862109,0.120287536,0.0007990396678190031,,,,,,,,,,,,,,,,,,,,,,,,
main,2048,2048,256,cuda,cuda_direct_v2,0,16,16,5,75.89972055517671,86.20930282149483,,,,,0.0005447237999999999,0.000541209,0.000539586,8.863398936074113e-06,0.0128542426,0.012410679,0.011385418,0.0014778259546574825,0.0005443796,0.000537583,0.00053083,1.458685830807992e-05,0.011355814361568,0.0109083843231,0.00990713596344,0.0014643245293679095,9.738557334373082,11.061361387663199,459.5409783783788,521.9611755369714,0.0113730224,0.010926513,0.009924616,0.0014651263765908724
main,2048,2048,256,cuda,cuda_shared_v3,0,16,16,5,42.109966735986625,45.064206923319325,,,,,0.0005519318,0.0005574,0.000529257,1.6635132737673015e-05,0.0237316976,0.022369219,0.019796612,0.0037917837824221726,0.000541007,0.000542572,0.000515802,1.583179959764525e-05,0.02222570877076,0.0208859519958,0.0182993602753,0.0037776075301393366,5.403054483037606,5.782107755347531,254.95818919739668,272.8448746307727,0.0222426126,0.020902777,0.018317096,0.003775905477413702
main,4096,4096,64,cuda,cuda_naive_v1,0,32,16,5,51.81956707433315,66.93551080637715,,,,,0.0018263921999999999,0.001826861,0.001792437,2.0700952482917274e-05,0.0182582646,0.018102461,0.015926111,0.001570919866369001,0.0017086548,0.00170391,0.001689803,1.7698713278088922e-05,0.01416928005218,0.0139908800125,0.0118185920715,0.0015755140936457115,6.646710687568944,8.585578772135252,377.52491332532077,487.65021288802023,0.0141939824,0.01401441,0.011840214,0.0015757320108506078
main,4096,4096,64,omp-vector,omp_branchfree_v5,8,,,5,,,0.120740009,0.120321821,0.119749513,0.0013712397565582746,,,,,,,,,,,,,,,,,,,,,,,,
main,4096,4096,64,omp-vector,omp_branchfree_v5,1,,,5,,,0.9376351248,0.938061692,0.936426761,0.0009946120372719112,,,,,,,,,,,,,,,,,,,,,,,,
main,4096,4096,64,cuda,cuda_shared_v3,0,16,16,5,32.52391527654275,37.88560422736766,,,,,0.0018140794,0.001809439,0.001801544,1.2275285589345787e-05,0.0275389116,0.028842213,0.023779806,0.0029272030078452533,0.001725266,0.001732904,0.001675276,3.106840366835734e-05,0.02345187225342,0.0247359676361,0.0197168006897,0.0028957964436083787,4.17172638590527,4.859451067235538,236.94887836796713,276.0107862672344,0.0234709404,0.024760373,0.019729737,0.002900847498084793
main,4096,4096,64,serial,v3_explicit_neighbours,1,,,5,,,6.837114422,6.83413002,6.82416355,0.016756468801972218,,,,,,,,,,,,,,,,,,,,,,,,
main,4096,4096,64,cuda,cuda_direct_v2,0,16,16,5,61.345158001132134,83.88150272503064,,,,,0.0018217717999999999,0.001826531,0.001803337,1.2096596761072968e-05,0.0155892228,0.015291536,0.014320016,0.001176563729183932,0.0017703452,0.001753654,0.001680916,9.499910580210743e-05,0.01144740486144,0.0111695041656,0.0100149440765,0.001234357832106295,7.868524195345713,10.759180597785404,446.92240334783895,611.1080974574577,0.0114748402,0.011183177,0.010027078,0.0012336448444808575
